bid_number,category,matched_items,item,ministry,department,state,quantity,n_items,is_bundle,bid_start_date,bid_end_date,bid_url,captured_on
GEM/2026/B/7876715,Laptop,PROCUREMENT OF LAPTOP,"PROCUREMENT OF LAPTOP, SMARTPHONE AND SIMILAR DEVICES",Ministry of Defence,Department of Military Affairs,,4,2,1,2026-09-29 12:00,2026-09-30 12:00,https://bidplus.gem.gov.in/showbidDocument/9709314,2026-09-28
GEM/2026/B/7877861,Server,Servers (V2),Servers (V2),PMO,Department of Atomic Energy,,4,1,0,2026-09-29 12:00,2026-09-30 12:00,https://bidplus.gem.gov.in/showbidDocument/9710641,2026-09-28
GEM/2026/B/7952043,All-in-One PC,All in one pc 14th gen intel,"destop computer,All in one pc 14th gen intel,Laser projector with motorised screen,wired keyboard,w",Ministry of Defence,Department of Military Affairs,,9,5,1,2026-09-29 12:00,2026-09-30 12:00,https://bidplus.gem.gov.in/showbidDocument/9795439,2026-09-28
GEM/2026/B/7778213,Desktop,Fixed Computer Workstation,Fixed Computer Workstation,Ministry of Coal,Materials Management,,5,1,0,2026-09-29 12:00,2026-09-30 12:00,https://bidplus.gem.gov.in/showbidDocument/9596838,2026-09-28
GEM/2026/B/7764245,Laptop,Laptop | Laptop,"Laptop,Laptop",Ministry of Defence,Department of Military Affairs,,17,2,1,2026-09-29 11:00,2026-09-30 11:00,https://bidplus.gem.gov.in/showbidDocument/9580936,2026-09-28
GEM/2026/B/7844852,Laptop,Laptops and Peripherals - Computer hardware; multiple brand,"Annual Maintenance Service - Desktops,  Laptops and Peripherals - Computer hardware; multiple brand",Ministry of Commerce and Industry,Department of Commerce,,267,2,1,2026-09-29 11:00,2026-09-30 11:00,https://bidplus.gem.gov.in/showbidDocument/9673099,2026-09-28
GEM/2026/B/7843562,Laptop,High End Desktop Computer | High End Laptop - Notebook,"High End Desktop Computer,High End Laptop - Notebook",,Information Public Relations and Cultural Affairs Department Haryana,Haryana,45,2,1,2026-09-29 11:00,2026-09-30 11:00,https://bidplus.gem.gov.in/showbidDocument/9671672,2026-09-28
GEM/2026/B/8021312,Laptop,High End Laptop - Notebook,High End Laptop - Notebook,Ministry of Defence,Department of Military Affairs,,2,1,0,2026-09-29 11:00,2026-09-30 11:00,https://bidplus.gem.gov.in/showbidDocument/9875261,2026-09-28
GEM/2026/B/7849195,Desktop,High End Desktop Computer,High End Desktop Computer,,Revenue & Land Reforms Department Bihar,Bihar,22,1,0,2026-09-29 11:00,2026-09-30 11:00,https://bidplus.gem.gov.in/showbidDocument/9678006,2026-09-28
GEM/2026/B/7820826,Desktop,High End Desktop Computer,High End Desktop Computer,,Home Department Karnataka,Karnataka,1000,1,0,2026-09-29 11:00,2026-09-30 11:00,https://bidplus.gem.gov.in/showbidDocument/9645400,2026-09-28
GEM/2026/B/7621623,Server,SERVER,SERVER,Ministry of Defence,Department of Military Affairs,,3,1,0,2026-09-29 11:00,2026-09-30 11:00,https://bidplus.gem.gov.in/showbidDocument/9420471,2026-09-28
GEM/2026/B/7956163,Laptop,High End Desktop Computer | High End Laptop - Notebook,"High End Desktop Computer,High End Laptop - Notebook,Office Productivity Suite Software",Ministry of Communications,Department of Telecommunications (DOT),,31,3,1,2026-09-29 10:00,2026-09-30 10:00,https://bidplus.gem.gov.in/showbidDocument/9800400,2026-09-28
GEM/2026/B/7879018,Desktop,High End Desktop Computer,High End Desktop Computer,Ministry of Defence,Department of Military Affairs,,7,1,0,2026-09-29 10:00,2026-09-30 10:00,https://bidplus.gem.gov.in/showbidDocument/9711917,2026-09-28
GEM/2026/B/8013117,Desktop,WORKSTATION COREI9 32GB 1TB 16GB GRAPHICS CARD,WORKSTATION COREI9 32GB 1TB 16GB GRAPHICS CARD,Ministry of Defence,Department of Military Affairs,,1,1,0,2026-09-29 10:00,2026-09-30 10:00,https://bidplus.gem.gov.in/showbidDocument/9865969,2026-09-28
GEM/2026/B/7915832,Desktop,Workstation,"Cathlab machine with all accessories,Workstation,Highend Multipara patient Monitor,Defibrillator wi",Ministry of Health and Family Welfare,Department of Health and Family Welfare,,119,4,1,2026-09-29 10:00,2026-09-30 10:00,https://bidplus.gem.gov.in/showbidDocument/9753979,2026-09-28
GEM/2026/B/7587381,Desktop,Fixed Computer Workstation,Fixed Computer Workstation,Ministry of Defence,Department of Defence Research & Development,,4,1,0,2026-09-29 10:00,2026-09-30 10:00,https://bidplus.gem.gov.in/showbidDocument/9382220,2026-09-28
GEM/2026/B/7812109,Desktop,High End Desktop Computer,High End Desktop Computer,Ministry of Defence,Department of Military Affairs,,7,1,0,2026-09-29 09:00,2026-09-30 09:00,https://bidplus.gem.gov.in/showbidDocument/9635536,2026-09-28
GEM/2026/B/7898194,Desktop,High End WorkStation,High End WorkStation,Ministry of Heavy Industries and Public Enterprises,Department of Heavy Industry,,3,1,0,2026-09-29 09:00,2026-09-30 09:00,https://bidplus.gem.gov.in/showbidDocument/9733965,2026-09-28
GEM/2026/B/8040692,Laptop,LAPTOP ULTRA 7,"M4,M5,TAB 11 ULTRA,LAPTOP ULTRA 7,INSTALLATION AND COMMISSIONING",Ministry of Defence,Department of Military Affairs,,5,5,1,2026-09-28 20:00,2026-09-29 20:00,https://bidplus.gem.gov.in/showbidDocument/9897769,2026-09-28
GEM/2026/B/7770609,Laptop,LAPTOP WITH GRAPHIC CARD 6 GB NVID,"TABLET M5 CHIP IPAD OS WITH MEMORY STORAGE 256 GB,TABLET M4 CHIP,LAPTOP WITH GRAPHIC CARD 6 GB NVID",Ministry of Defence,Department of Military Affairs,,3,3,1,2026-09-28 20:00,2026-09-29 20:00,https://bidplus.gem.gov.in/showbidDocument/9588083,2026-09-28
GEM/2026/B/8003267,Laptop,M5 Chip Laptop,M5 Chip Laptop,Ministry of Defence,Department of Military Affairs,,1,1,0,2026-09-28 20:00,2026-09-29 20:00,https://bidplus.gem.gov.in/showbidDocument/9854671,2026-09-28
GEM/2026/B/7930235,Laptop,High End Laptop - Notebook,High End Laptop - Notebook,,Higher Education Department Jammu and Kashmir,Jammu & Kashmir,1,1,0,2026-09-28 20:00,2026-09-29 20:00,https://bidplus.gem.gov.in/showbidDocument/9770745,2026-09-28
GEM/2026/B/8016448,Laptop,PROCUREMENT OF ONE LAPTOP AND ONE TAB,PROCUREMENT OF ONE LAPTOP AND ONE TAB,Ministry of Defence,Department of Military Affairs,,2,1,0,2026-09-28 20:00,2026-09-29 20:00,https://bidplus.gem.gov.in/showbidDocument/9869771,2026-09-28
GEM/2026/B/7954163,Desktop,Entry and Mid Level Desktop Computer,Entry and Mid Level Desktop Computer,Ministry of Home Affairs,Central Armed Police Forces,,31,1,0,2026-09-28 20:00,2026-09-29 20:00,https://bidplus.gem.gov.in/showbidDocument/9798025,2026-09-28
GEM/2026/B/8001859,Desktop,Entry and Mid Level Desktop Computer,"Entry and Mid Level Desktop Computer,Line Interactive UPS with AVR (V2)",,Police Department Haryana,Haryana,24,2,1,2026-09-28 18:00,2026-09-29 18:00,https://bidplus.gem.gov.in/showbidDocument/9852975,2026-09-28
GEM/2026/B/7951068,Desktop,Desktop Comp,"75 Inch LED TV,Handheld Set,Repeater,Receiver,Transmitter,Base Station,High Mast Light,Desktop Comp",Ministry of Defence,Department of Military Affairs,,1631,8,1,2026-09-28 13:00,2026-09-29 13:00,https://bidplus.gem.gov.in/showbidDocument/9794317,2026-09-28
GEM/2026/B/8058707,Server,Servers (V2),"Servers (V2),Smart Rack (V2)",,ADMINISTRATIVE DEPARTMENT,,2,2,1,2026-09-28 11:39,2026-10-08 12:00,https://bidplus.gem.gov.in/showbidDocument/9918244,2026-09-28
GEM/2026/B/8028240,Desktop,Entry and Mid Level Desktop Computer,"Computer Printer (V2),Line Interactive UPS with AVR (V2),Entry and Mid Level Desktop Computer",Ministry of Consumer Affairs Food and Public Distribution,Department of Food and Public Distribution,,24,3,1,2026-09-28 11:36,2026-10-19 12:00,https://bidplus.gem.gov.in/showbidDocument/9883189,2026-09-28
GEM/2026/B/8090363,Server,Servers (V2),Servers (V2),Ministry of Education,Department of Higher Education,,1,1,0,2026-09-28 11:36,2026-10-08 18:00,https://bidplus.gem.gov.in/showbidDocument/9954626,2026-09-28
GEM/2026/B/8090374,Desktop,Desktop Computer,Desktop Computer,Ministry of Defence,Department of Military Affairs,,1,1,0,2026-09-28 11:29,2026-10-08 12:00,https://bidplus.gem.gov.in/showbidDocument/9954641,2026-09-28
GEM/2026/B/8058022,Desktop,High End Desktop Computer,"High End Desktop Computer,A4 and Legal Size Multifunction Printer (MFP)",Ministry of Health and Family Welfare,Department of Health and Family Welfare,,550,2,1,2026-09-28 11:20,2026-10-19 17:00,https://bidplus.gem.gov.in/showbidDocument/9917480,2026-09-28
GEM/2026/B/8075248,All-in-One PC,Laptops and Peripherals - ALL IN ONE PC,"Annual Maintenance Service - Desktops,  Laptops and Peripherals - ALL IN ONE PC,PRINTER ,ONLINE  UP",,Budaun,,1,4,1,2026-09-28 11:13,2026-10-08 11:00,https://bidplus.gem.gov.in/showbidDocument/9937129,2026-09-28
GEM/2026/B/8049785,Desktop,Entry and Mid Level Desktop Computer,Entry and Mid Level Desktop Computer,Ministry of Railways,Indian Railways,,319,1,0,2026-09-28 11:11,2026-10-21 14:00,https://bidplus.gem.gov.in/showbidDocument/9908058,2026-09-28
GEM/2026/B/8090228,Desktop,desktop,desktop,Ministry of Defence,Department of Military Affairs,,10,1,0,2026-09-28 10:58,2026-10-08 11:00,https://bidplus.gem.gov.in/showbidDocument/9954445,2026-09-28
GEM/2026/B/8090109,Desktop,Entry and Mid Level Desktop Computer,Entry and Mid Level Desktop Computer,,Higher Education Department Delhi,Delhi,30,1,0,2026-09-28 10:54,2026-10-19 11:00,https://bidplus.gem.gov.in/showbidDocument/9954294,2026-09-28
GEM/2026/B/7974687,Laptop,High End Laptop - Notebook,High End Laptop - Notebook,Ministry of Defence,Department of Military Affairs,,1,1,0,2026-09-28 10:53,2026-10-12 11:00,https://bidplus.gem.gov.in/showbidDocument/9821847,2026-09-28
GEM/2026/B/8089850,Desktop,High End Desktop Computer,High End Desktop Computer,Ministry of Education,Department of Higher Education,,1,1,0,2026-09-28 10:46,2026-10-13 10:00,https://bidplus.gem.gov.in/showbidDocument/9953947,2026-09-28
GEM/2026/B/8089999,Desktop,PROCUREMENT OF EXECUTIVE WORKSTATION 3.5FT X 2.5FT,PROCUREMENT OF EXECUTIVE WORKSTATION 3.5FT X 2.5FT,Ministry of Defence,Department of Military Affairs,,6,1,0,2026-09-28 10:20,2026-10-08 11:00,https://bidplus.gem.gov.in/showbidDocument/9954161,2026-09-28
GEM/2026/B/8083080,Laptop,High End Desktop Computer | High End Laptop - Notebook,"High End Desktop Computer,Computer Printer (V2),High End Laptop - Notebook,Line Interactive UPS wit",Ministry of Civil Aviation,Airports Authority of India (AAI),,151,4,1,2026-09-28 10:19,2026-10-09 14:00,https://bidplus.gem.gov.in/showbidDocument/9946102,2026-09-28
GEM/2026/B/8089865,Desktop,C23M26R347 9305060104 Desktop Personal Computers,C23M26R347 9305060104 Desktop Personal Computers,Ministry of Petroleum and Natural Gas,CHENNAI PETROLEUM Corporation Limited,Tamil Nadu,32,1,0,2026-09-28 10:07,2026-10-08 14:00,https://bidplus.gem.gov.in/showbidDocument/9953965,2026-09-28
GEM/2026/B/8089868,Server,SERVER,"SERVER,Monitor,Key Board,Mouse,DVD ROM,Window",Ministry of Defence,Department of Ex-Servicemen Welfare,,6,6,1,2026-09-28 10:01,2026-10-09 10:00,https://bidplus.gem.gov.in/showbidDocument/9953972,2026-09-28
GEM/2026/B/8089774,Laptop,Ultra Thin Laptop,Ultra Thin Laptop,Ministry of Defence,Department of Defence Production,,2,1,0,2026-09-28 09:57,2026-10-08 10:00,https://bidplus.gem.gov.in/showbidDocument/9953833,2026-09-28
GEM/2026/B/7987580,Laptop,High End Laptop - Notebook,High End Laptop - Notebook,Ministry of Defence,Department of Military Affairs,,2,1,0,2026-09-28 09:38,2026-10-08 11:00,https://bidplus.gem.gov.in/showbidDocument/9836771,2026-09-28
GEM/2026/B/7941317,Laptop,High End Laptop Type 1 | High End Laptop Type 2 | High End Laptop Type 3,"High End Laptop Type 1,High End Laptop Type 2,High End Laptop Type 3,Smartphone 1,Smartphone 2",Ministry of Defence,Department of Military Affairs,,5,5,1,2026-09-28 09:00,2026-09-29 09:00,https://bidplus.gem.gov.in/showbidDocument/9783149,2026-09-28
GEM/2026/B/8089654,Desktop,Digital Forensic Workstation,Digital Forensic Workstation,Ministry of Education,Department of Higher Education,,1,1,0,2026-09-28 01:35,2026-10-08 09:00,https://bidplus.gem.gov.in/showbidDocument/9953650,2026-09-28
GEM/2026/B/8085312,Laptop,High End Laptop - Notebook | Mini PC,"High End Laptop - Notebook,Mini PC",Ministry of Education,Department of Higher Education,,7,2,1,2026-09-28 00:49,2026-10-08 10:00,https://bidplus.gem.gov.in/showbidDocument/9948605,2026-09-28
GEM/2026/B/8089649,Desktop,Digital Forensic Workstation | Digital Forensic Workstation,"Digital Forensic Workstation,Digital Forensic Workstation",Ministry of Education,Department of Higher Education,,2,2,1,2026-09-28 00:44,2026-10-08 10:00,https://bidplus.gem.gov.in/showbidDocument/9953645,2026-09-28
GEM/2026/B/8085988,Server,Servers (V2),Servers (V2),,Law Department Uttar Pradesh,Uttar Pradesh,1,1,0,2026-09-27 23:42,2026-10-08 09:00,https://bidplus.gem.gov.in/showbidDocument/9949411,2026-09-28
GEM/2026/B/8071162,Desktop,DESKTOP COMPUTER INTEL CORE i7 14 GEN,"DESKTOP COMPUTER INTEL CORE i7 14 GEN,5 KVA UPS,OCR SCANNER,PROJECTOR WITH SCREEN,LEASER JET PRINTE",Ministry of Defence,Department of Military Affairs,,12,5,1,2026-09-27 21:14,2026-10-08 21:00,https://bidplus.gem.gov.in/showbidDocument/9932592,2026-09-28
GEM/2026/B/8070643,Desktop,Desktop Computer Core i7 14th Gen,Desktop Computer Core i7 14th Gen,Ministry of Defence,Department of Military Affairs,,4,1,0,2026-09-27 21:09,2026-10-08 09:00,https://bidplus.gem.gov.in/showbidDocument/9931983,2026-09-28
GEM/2026/B/7644038,All-in-One PC,All in One PC (V2),"Computer Printer (V2),Line Interactive UPS with AVR (V2),All in One PC (V2),Entry and Mid Level Des",Ministry of Defence,Department of Military Affairs,,10,4,1,2026-09-27 19:00,2026-09-28 19:00,https://bidplus.gem.gov.in/showbidDocument/9445597,2026-09-28
GEM/2026/B/8089426,Laptop,Laptop,"Laptop,Smart Phone",Ministry of Defence,Department of Military Affairs,,3,2,1,2026-09-27 18:16,2026-10-07 19:00,https://bidplus.gem.gov.in/showbidDocument/9953391,2026-09-28
GEM/2026/B/8002382,Desktop,Entry and Mid Level Desktop Computer,"Entry and Mid Level Desktop Computer,Line Interactive UPS with AVR (V2)",Ministry of Home Affairs,Central Armed Police Forces,,12,2,1,2026-09-27 18:00,2026-09-28 18:00,https://bidplus.gem.gov.in/showbidDocument/9853559,2026-09-28
GEM/2026/B/8089371,Laptop,High End Laptop - Notebook,High End Laptop - Notebook,,Home Department Rajasthan,Rajasthan,150,1,0,2026-09-27 17:20,2026-10-12 18:00,https://bidplus.gem.gov.in/showbidDocument/9953329,2026-09-28
GEM/2026/B/8059724,Desktop,Entry and Mid Level Desktop Computer,Entry and Mid Level Desktop Computer,Ministry of Defence,Department of Military Affairs,,2,1,0,2026-09-27 17:00,2026-09-28 17:00,https://bidplus.gem.gov.in/showbidDocument/9919358,2026-09-28
GEM/2026/B/8089305,Desktop,Entry and Mid Level Desktop Computer,Entry and Mid Level Desktop Computer,Ministry of Finance,Department of Financial Services,,50,1,0,2026-09-27 16:55,2026-10-12 17:00,https://bidplus.gem.gov.in/showbidDocument/9953254,2026-09-28
GEM/2026/B/8089353,Desktop,Entry and Mid Level Desktop Computer,Entry and Mid Level Desktop Computer,Ministry of Finance,Department of Financial Services,,5,1,0,2026-09-27 16:53,2026-09-30 20:00,https://bidplus.gem.gov.in/showbidDocument/9953307,2026-09-28
GEM/2026/B/8089032,Desktop,High End Desktop Computer,High End Desktop Computer,,Medical Education Department Uttar Pradesh,Uttar Pradesh,161,1,0,2026-09-27 15:17,2026-10-19 12:00,https://bidplus.gem.gov.in/showbidDocument/9952944,2026-09-28
GEM/2026/B/7910150,Desktop,HEIGHT ADJUSTABLE WORKSTATION FOR CONFERENCE ROOM,HEIGHT ADJUSTABLE WORKSTATION FOR CONFERENCE ROOM,Ministry of Defence,Department of Military Affairs,,1,1,0,2026-09-27 15:00,2026-09-28 15:00,https://bidplus.gem.gov.in/showbidDocument/9747499,2026-09-28
GEM/2026/B/8089256,Laptop,Laptops and Peripherals - Desktop PC; hp,"Annual Maintenance Service - Desktops,  Laptops and Peripherals - Desktop PC; hp,Annual Maintenance",Ministry of Defence,Department of Military Affairs,,78,3,1,2026-09-27 14:33,2026-10-07 15:00,https://bidplus.gem.gov.in/showbidDocument/9953195,2026-09-28
GEM/2026/B/8019845,Laptop,Entry and Mid Level Desktop Computer | Entry and Mid Level Laptop - Notebook,"Entry and Mid Level Desktop Computer,Entry and Mid Level Laptop - Notebook,Entry and Mid Level Lapt",,Industry and Commerce Department Haryana,Haryana,10,3,1,2026-09-27 14:00,2026-09-28 14:00,https://bidplus.gem.gov.in/showbidDocument/9873611,2026-09-28
GEM/2026/B/7863752,Desktop,Entry and Mid Level Desktop Computer,Entry and Mid Level Desktop Computer,Ministry of Home Affairs,Central Armed Police Forces,,29,1,0,2026-09-27 14:00,2026-09-28 14:00,https://bidplus.gem.gov.in/showbidDocument/9694329,2026-09-28
GEM/2026/B/7962491,Desktop,High End Desktop Computer,"High End Desktop Computer,Line Interactive UPS with AVR (V2)",Ministry of Defence,Department of Military Affairs,,64,2,1,2026-09-27 13:00,2026-09-30 13:00,https://bidplus.gem.gov.in/showbidDocument/9807673,2026-09-28
GEM/2026/B/8037184,Desktop,High End Desktop Computer,High End Desktop Computer,Ministry of Coal,COAL INDIA LIMITED,,10,1,0,2026-09-27 12:52,2026-10-08 11:00,https://bidplus.gem.gov.in/showbidDocument/9893774,2026-09-28
GEM/2026/B/7846211,Desktop,DESKTOPI714700 64GBRAM 1TBHDD NVIDIA 4GB G RTX S090 GC WIN11PROLIC,"DESKTOPI714700 64GBRAM 1TBHDD NVIDIA 4GB G RTX S090 GC WIN11PROLIC, 32"" MONITOR, MS OFFICE PRO PLUS",Ministry of Defence,Department of Military Affairs,,3,3,1,2026-09-27 12:00,2026-09-28 12:00,https://bidplus.gem.gov.in/showbidDocument/9674597,2026-09-28
GEM/2026/B/7971421,Laptop,Laptop,Laptop,Ministry of Defence,Department of Military Affairs,,4,1,0,2026-09-27 11:55,2026-10-07 12:00,https://bidplus.gem.gov.in/showbidDocument/9818058,2026-09-28
GEM/2026/B/8088829,Desktop,High End Desktop Computer,High End Desktop Computer,Ministry of Education,Department of Higher Education,,120,1,0,2026-09-27 11:37,2026-10-12 14:00,https://bidplus.gem.gov.in/showbidDocument/9952701,2026-09-28
GEM/2026/B/8087546,Desktop,Entry and Mid Level Desktop Computer,Entry and Mid Level Desktop Computer,Ministry of Defence,Department of Military Affairs,,2,1,0,2026-09-27 09:32,2026-09-29 15:00,https://bidplus.gem.gov.in/showbidDocument/9951228,2026-09-28
GEM/2026/B/8076509,Laptop,Laptops and Peripherals - 0; 6,"Annual Maintenance Service - Desktops,  Laptops and Peripherals - 0; 6",Ministry of Defence,Department of Military Affairs,,6,2,1,2026-09-27 08:43,2026-09-29 21:00,https://bidplus.gem.gov.in/showbidDocument/9938600,2026-09-28
GEM/2026/B/8088816,Laptop,AI Enabled Laptop,AI Enabled Laptop,Ministry of Defence,Department of Military Affairs,,3,1,0,2026-09-26 22:12,2026-10-07 11:00,https://bidplus.gem.gov.in/showbidDocument/9952687,2026-09-28
GEM/2026/B/8088789,Desktop,DDR4 8 GB RAM DESKTOP,"DVD ROM,DDR4 8 GB RAM DESKTOP,PROCESSOR I5 10TH GEN,MOTHER BOARD H410M,UPS BATTERY 12V 7AH,DRUM UNI",Ministry of Defence,Department of Military Affairs,,12,6,1,2026-09-26 21:38,2026-10-07 09:00,https://bidplus.gem.gov.in/showbidDocument/9952654,2026-09-28
GEM/2026/B/8040600,Desktop,High End Desktop Computer,High End Desktop Computer,Ministry of Defence,Department of Military Affairs,,1,1,0,2026-09-26 21:00,2026-09-28 21:00,https://bidplus.gem.gov.in/showbidDocument/9897663,2026-09-25
GEM/2026/B/8085842,Desktop,DESKTOP COMPUTER INTEL CORE i5,DESKTOP COMPUTER INTEL CORE i5,Ministry of Defence,Department of Military Affairs,,3,1,0,2026-09-26 20:33,2026-10-06 21:00,https://bidplus.gem.gov.in/showbidDocument/9949255,2026-09-28
GEM/2026/B/8060464,Desktop,Desktop,"Desktop,LED,LED,Jammer,Biomatric,UPS,UPS",Ministry of Defence,Department of Military Affairs,,17,7,1,2026-09-26 20:06,2026-10-06 21:00,https://bidplus.gem.gov.in/showbidDocument/9920215,2026-09-28
GEM/2026/B/7638438,Desktop,Entry and Mid Level Desktop Computer,Entry and Mid Level Desktop Computer,Ministry of Finance,Department of Financial Services,,6000,1,0,2026-09-26 20:00,2026-09-28 20:00,https://bidplus.gem.gov.in/showbidDocument/9439378,2026-09-25
GEM/2026/B/8060371,Laptop,Laptop (16 GB RAM),Laptop (16 GB RAM),Ministry of Defence,Department of Military Affairs,,2,1,0,2026-09-26 19:58,2026-10-10 11:00,https://bidplus.gem.gov.in/showbidDocument/9920107,2026-09-28
GEM/2026/B/8034807,Desktop,High End Desktop Computer,High End Desktop Computer,Ministry of Defence,Department of Military Affairs,,10,1,0,2026-09-26 19:06,2026-10-17 18:00,https://bidplus.gem.gov.in/showbidDocument/9890945,2026-09-28
GEM/2026/B/7989396,Laptop,High End Laptop - Notebook,High End Laptop - Notebook,,Agriculture and Co-operation Department Gujarat,Gujarat,5,1,0,2026-09-26 19:00,2026-09-28 19:00,https://bidplus.gem.gov.in/showbidDocument/9838777,2026-09-25
GEM/2026/B/7981711,Desktop,Entry and Mid Level Desktop Computer,"Entry and Mid Level Desktop Computer,Computer Printer (V2),A4 and Legal Size Multifunction Printer ",Ministry of Home Affairs,Central Armed Police Forces,,85,3,1,2026-09-26 19:00,2026-09-28 19:00,https://bidplus.gem.gov.in/showbidDocument/9830200,2026-09-25
GEM/2026/B/8055654,Desktop,High End Desktop Computer,High End Desktop Computer,Ministry of Housing & Urban Affairs (MoHUA),Central Public Works Department,,1,1,0,2026-09-26 19:00,2026-09-28 19:00,https://bidplus.gem.gov.in/showbidDocument/9914692,2026-09-25
GEM/2026/B/8088366,Desktop,Fixed Computer Workstation (V2),Fixed Computer Workstation (V2),,Information Technology Department Kerala,Kerala,1,1,0,2026-09-26 18:41,2026-10-06 20:00,https://bidplus.gem.gov.in/showbidDocument/9952166,2026-09-28
GEM/2026/B/8087197,Laptop,Intel Core Ultra 5 225H Laptop,"Intel Core Ultra 5 225H Laptop, 1 TB SSD, 14"" OLED Display, Win 11",Ministry of Defence,Department of Military Affairs,,1,4,1,2026-09-26 18:21,2026-10-06 19:00,https://bidplus.gem.gov.in/showbidDocument/9950846,2026-09-28
GEM/2026/B/8087202,Laptop,Intel Core i7 13th Generation Laptop with 16 GB RAM and 512 GB SSD,Intel Core i7 13th Generation Laptop with 16 GB RAM and 512 GB SSD,Ministry of Defence,Department of Military Affairs,,1,1,0,2026-09-26 17:59,2026-10-06 18:00,https://bidplus.gem.gov.in/showbidDocument/9950851,2026-09-28
GEM/2026/B/8088360,Desktop,Entry and Mid Level Desktop Computer,"Entry and Mid Level Desktop Computer,Line Interactive UPS with AVR (V2)",,Local Self Government Department Kerala,Kerala,2,2,1,2026-09-26 17:55,2026-10-06 21:00,https://bidplus.gem.gov.in/showbidDocument/9952158,2026-09-28
GEM/2026/B/7952150,Laptop,PROCUMENT OF LAPTOP NOTEBOOK AND SIMILAR DEVICE FOR OFFR OF 102 INF BDE SIG COY,PROCUMENT OF LAPTOP NOTEBOOK AND SIMILAR DEVICE FOR OFFR OF 102 INF BDE SIG COY,Ministry of Defence,Department of Military Affairs,,1,1,0,2026-09-26 17:54,2026-10-17 18:00,https://bidplus.gem.gov.in/showbidDocument/9795566,2026-09-28
GEM/2026/B/8088143,Laptop,Entry and Mid Level Laptop - Notebook | Entry and Mid Level Laptop - Notebook,"Entry and Mid Level Laptop - Notebook,Entry and Mid Level Laptop - Notebook",Ministry of Heavy Industries and Public Enterprises,Department of Heavy Industry,,8,2,1,2026-09-26 17:25,2026-10-17 18:00,https://bidplus.gem.gov.in/showbidDocument/9951897,2026-09-28
GEM/2026/B/7935877,Laptop,Laptop with M5 Chipset 512 GB | Laptop with A18 pro Processor 512 GB,"Mobile with A19 Pro Chip 256 GB,Laptop with M5 Chipset 512 GB,Laptop with A18 pro Processor 512 GB,",Ministry of Defence,Department of Military Affairs,,15,3,1,2026-09-26 17:04,2026-10-07 16:00,https://bidplus.gem.gov.in/showbidDocument/9777042,2026-09-28
GEM/2026/B/7669574,Laptop,Entry and Mid Level Desktop Computer | Entry and Mid Level Laptop - Notebook,"Entry and Mid Level Desktop Computer,Entry and Mid Level Laptop - Notebook",,Education Department Gujarat,Gujarat,147,2,1,2026-09-26 17:00,2026-09-30 17:00,https://bidplus.gem.gov.in/showbidDocument/9474204,2026-09-25
GEM/2026/B/7925900,Laptop,High End Laptop - Notebook,High End Laptop - Notebook,Ministry of Defence,Department of Defence Research & Development,,8,1,0,2026-09-26 17:00,2026-09-28 17:00,https://bidplus.gem.gov.in/showbidDocument/9765767,2026-09-25
GEM/2026/B/7822888,All-in-One PC,All in One PC (V2),All in One PC (V2),Ministry of Defence,Department of Military Affairs,,1,1,0,2026-09-26 17:00,2026-09-28 17:00,https://bidplus.gem.gov.in/showbidDocument/9647715,2026-09-25
GEM/2026/B/8077571,Laptop,Entry and Mid Level Laptop - Notebook,Entry and Mid Level Laptop - Notebook,,Port Department Kerala,Kerala,4,1,0,2026-09-26 16:55,2026-10-06 17:00,https://bidplus.gem.gov.in/showbidDocument/9939808,2026-09-28
GEM/2026/B/8086258,Laptop,VR Laptop,"VR HMD+ Controllers including VR Accessories,VR Laptop,Development of VR-based Fire & Safety Traini",Ministry of Petroleum and Natural Gas,GAIL India Limited,,9,3,1,2026-09-26 16:52,2026-10-17 15:00,https://bidplus.gem.gov.in/showbidDocument/9949750,2026-09-28
GEM/2026/B/8088094,Laptop,Entry and Mid Level Laptop - Notebook,Entry and Mid Level Laptop - Notebook,,Local Self Government Department Kerala,Kerala,1,1,0,2026-09-26 16:49,2026-10-06 17:00,https://bidplus.gem.gov.in/showbidDocument/9951844,2026-09-28
GEM/2026/B/8088048,Desktop,High End Desktop Computer,"High End Desktop Computer,A3 Size Multifunction Printer (MFP),Computer Printer (V2)",,Municipal Administration and Water Supply Department Tamil Nadu,Tamil Nadu,20,3,1,2026-09-26 16:49,2026-10-06 17:00,https://bidplus.gem.gov.in/showbidDocument/9951795,2026-09-28
GEM/2026/B/8087836,Laptop,Entry and Mid Level Laptop - Notebook,Entry and Mid Level Laptop - Notebook,,Local Self Government Department Kerala,Kerala,2,1,0,2026-09-26 16:45,2026-10-06 17:00,https://bidplus.gem.gov.in/showbidDocument/9951560,2026-09-28
GEM/2026/B/8087781,Laptop,Entry and Mid Level Laptop - Notebook,Entry and Mid Level Laptop - Notebook,,Higher Education Department Kerala,Kerala,2,1,0,2026-09-26 16:22,2026-10-08 16:00,https://bidplus.gem.gov.in/showbidDocument/9951499,2026-09-28
GEM/2026/B/7900789,Laptop,Procurement of Laptop,"Iphone,Procurement of Laptop,Procurement of Tablet",Ministry of Defence,Department of Military Affairs,,21,3,1,2026-09-26 16:18,2026-10-06 17:00,https://bidplus.gem.gov.in/showbidDocument/9736976,2026-09-28
GEM/2026/B/8072184,Laptop,Entry and Mid Level Laptop - Notebook,Entry and Mid Level Laptop - Notebook,,Local Self Government Department Kerala,Kerala,2,1,0,2026-09-26 16:14,2026-10-06 20:00,https://bidplus.gem.gov.in/showbidDocument/9933736,2026-09-28
GEM/2026/B/8087962,Desktop,Entry and Mid Level Desktop Computer,Entry and Mid Level Desktop Computer,,Local Self Government Department Kerala,Kerala,2,1,0,2026-09-26 16:13,2026-10-06 17:00,https://bidplus.gem.gov.in/showbidDocument/9951702,2026-09-28
GEM/2026/B/8087883,All-in-One PC,Facility Management Services - LumpSum Based - Commercial; Laptop | All in one computer,"Facility Management Services - LumpSum Based - Commercial; Laptop, All in one computer, Printer Wit",,Information Technology Department Jharkhand,Jharkhand,1,3,1,2026-09-26 16:01,2026-10-06 17:00,https://bidplus.gem.gov.in/showbidDocument/9951613,2026-09-28
GEM/2026/B/8087722,Desktop,Entry and Mid Level Desktop Computer,"Entry and Mid Level Desktop Computer,A4 and Legal Size Multifunction Printer (MFP)",,Local Self Government Department Kerala,Kerala,4,2,1,2026-09-26 15:47,2026-10-06 16:00,https://bidplus.gem.gov.in/showbidDocument/9951430,2026-09-28
GEM/2026/B/8087911,Desktop,Entry and Mid Level Desktop Computer,"Entry and Mid Level Desktop Computer,A4 and Legal Size Multifunction Printer (MFP)",,Local Self Government Department Kerala,Kerala,4,2,1,2026-09-26 15:45,2026-10-06 16:00,https://bidplus.gem.gov.in/showbidDocument/9951642,2026-09-28
GEM/2026/B/8087779,Desktop,Entry and Mid Level Desktop Computer,Entry and Mid Level Desktop Computer,Ministry of Defence,Department of Military Affairs,,2,1,0,2026-09-26 15:28,2026-10-08 16:00,https://bidplus.gem.gov.in/showbidDocument/9951497,2026-09-28
GEM/2026/B/8087811,Desktop,Entry and Mid Level Desktop Computer,Entry and Mid Level Desktop Computer,,Local Self Government Department Kerala,Kerala,2,1,0,2026-09-26 15:21,2026-10-06 16:00,https://bidplus.gem.gov.in/showbidDocument/9951533,2026-09-28
GEM/2026/B/7710046,Desktop,Entry and Mid Level Desktop Computer,"Entry and Mid Level Desktop Computer,Computer Printer (V2),Line Interactive UPS with AVR (V2)",Ministry of Defence,Department of Military Affairs,,15,3,1,2026-09-26 15:00,2026-09-28 15:00,https://bidplus.gem.gov.in/showbidDocument/9519384,2026-09-25
GEM/2026/B/7543631,All-in-One PC,All in One PC (V2),"All in One PC (V2),Line Interactive UPS with AVR (V2)",Ministry of Defence,Department of Military Affairs,,42,2,1,2026-09-26 15:00,2026-09-28 15:00,https://bidplus.gem.gov.in/showbidDocument/9333201,2026-09-25
GEM/2026/B/7985100,Laptop,Laptop 14 Inch AMD Ryzen 16GB RAM 512 GB SSD | Laptop Ultraboo,"Tablet 11 Inch 12 GB RAM 512GB Storage,Laptop 14 Inch AMD Ryzen 16GB RAM 512 GB SSD,Laptop Ultraboo",Ministry of Defence,Department of Military Affairs,,5,3,1,2026-09-26 14:54,2026-10-09 21:00,https://bidplus.gem.gov.in/showbidDocument/9833979,2026-09-28
GEM/2026/B/7977099,Desktop,High End Desktop Computer,"Online UPS (?10 KVA) With Battery Conforming To IS 16242 (Part 1),High End Desktop Computer",Ministry of Defence,Department of Military Affairs,,22,2,1,2026-09-26 14:47,2026-10-06 15:00,https://bidplus.gem.gov.in/showbidDocument/9824809,2026-09-28
GEM/2026/B/8087494,Desktop,High End Desktop Computer,"High End Desktop Computer,Line Interactive UPS with AVR (V2),Line Interactive UPS with AVR (V2),Eth",Ministry of Defence,Department of Military Affairs,,315,4,1,2026-09-26 14:47,2026-10-17 09:00,https://bidplus.gem.gov.in/showbidDocument/9951172,2026-09-28
GEM/2026/B/8087628,Laptop,Entry and Mid Level Laptop - Notebook | Entry and Mid Level Desktop Computer,"Entry and Mid Level Laptop - Notebook,Entry and Mid Level Desktop Computer",,Cane Development (Ganna Vikas Vibhag) Department Uttar Pradesh,Uttar Pradesh,3,2,1,2026-09-26 14:40,2026-10-12 15:00,https://bidplus.gem.gov.in/showbidDocument/9951321,2026-09-28
GEM/2026/B/8087409,Desktop,Entry and Mid Level Desktop Computer,Entry and Mid Level Desktop Computer,,Higher Education Department Jammu and Kashmir,Jammu & Kashmir,2,1,0,2026-09-26 14:39,2026-10-06 15:00,https://bidplus.gem.gov.in/showbidDocument/9951079,2026-09-28
GEM/2026/B/8087572,Laptop,High End Laptop - Notebook,High End Laptop - Notebook,Ministry of Defence,Department of Defence,,1,1,0,2026-09-26 14:32,2026-10-06 15:00,https://bidplus.gem.gov.in/showbidDocument/9951258,2026-09-28
GEM/2026/B/8087552,Desktop,Entry and Mid Level Desktop Computer,"Entry and Mid Level Desktop Computer,Line Interactive UPS with AVR (V2)",,Agriculture Development and Farmers Welfare Department Keral,,2,2,1,2026-09-26 14:20,2026-10-06 16:00,https://bidplus.gem.gov.in/showbidDocument/9951236,2026-09-28
GEM/2026/B/8087277,Desktop,Entry and Mid Level Desktop Computer,Entry and Mid Level Desktop Computer,Ministry of Defence,Department of Military Affairs,,2,1,0,2026-09-26 14:13,2026-10-06 14:00,https://bidplus.gem.gov.in/showbidDocument/9950931,2026-09-28
GEM/2026/B/7775693,Desktop,Entry and Mid Level Desktop Computer,"Entry and Mid Level Desktop Computer,Computer Printer (V2),Computer Printer (V2),A4 and Legal Size ",PMO,NA,,115,4,1,2026-09-26 14:00,2026-09-28 14:00,https://bidplus.gem.gov.in/showbidDocument/9593854,2026-09-25
GEM/2026/B/7906278,Desktop,i7 14TH Gen Desktop Computer,"i7 14TH Gen Desktop Computer,1KVA UPS",Ministry of Defence,Department of Military Affairs,,16,2,1,2026-09-26 14:00,2026-09-28 14:00,https://bidplus.gem.gov.in/showbidDocument/9743189,2026-09-25
GEM/2026/B/7780945,Desktop,Fixed Computer Workstation,Fixed Computer Workstation,Ministry of Defence,Department of Defence Research & Development,,2,1,0,2026-09-26 14:00,2026-09-28 14:00,https://bidplus.gem.gov.in/showbidDocument/9599993,2026-09-25
GEM/2026/B/7858796,Laptop,Laptops and Peripherals - Photocopier Machine | Desktop PC,"Annual Maintenance Service - Desktops,  Laptops and Peripherals - Photocopier Machine, Desktop PC,P",Ministry of Defence,Department of Military Affairs,,1,4,1,2026-09-26 13:59,2026-10-10 14:00,https://bidplus.gem.gov.in/showbidDocument/9688761,2026-09-28
GEM/2026/B/8013365,Server,GPU Based Server,GPU Based Server,Ministry of Defence,Department of Military Affairs,,1,1,0,2026-09-26 13:54,2026-10-17 12:00,https://bidplus.gem.gov.in/showbidDocument/9866265,2026-09-28
GEM/2026/B/8087306,Laptop,Entry and Mid Level Laptop - Notebook,Entry and Mid Level Laptop - Notebook,,Local Self Government Department Kerala,Kerala,2,1,0,2026-09-26 13:40,2026-10-06 14:00,https://bidplus.gem.gov.in/showbidDocument/9950963,2026-09-28
GEM/2026/B/8087344,Desktop,High End Desktop Computer,High End Desktop Computer,Ministry of Defence,Department of Military Affairs,,3,1,0,2026-09-26 13:35,2026-09-30 14:00,https://bidplus.gem.gov.in/showbidDocument/9951004,2026-09-28
GEM/2026/B/8087084,Laptop,Lightweight and Security Hardened 2-in-1 Laptop with 4 year warranty | Spare Keypad for Laptop with 1,"Lightweight and Security Hardened 2-in-1 Laptop with 4 year warranty,Spare Keypad for Laptop with 1",Ministry of Petroleum and Natural Gas,NUMALIGARH REFINERY Limited,,35,2,1,2026-09-26 13:17,2026-10-10 13:00,https://bidplus.gem.gov.in/showbidDocument/9950720,2026-09-28
GEM/2026/B/8087230,Desktop,Entry and Mid Level Desktop Computer,Entry and Mid Level Desktop Computer,Ministry of Defence,Department of Defence Production,,2,1,0,2026-09-26 13:12,2026-10-03 14:00,https://bidplus.gem.gov.in/showbidDocument/9950882,2026-09-28
GEM/2026/B/8086934,Laptop,High End Laptop - Notebook,High End Laptop - Notebook,Ministry of Textiles,NA,,1,1,0,2026-09-26 13:03,2026-10-17 13:00,https://bidplus.gem.gov.in/showbidDocument/9950546,2026-09-28
GEM/2026/B/8087133,Desktop,Entry and Mid Level Desktop Computer,"Entry and Mid Level Desktop Computer,Line Interactive UPS with AVR (V2),A4 and Legal Size Multifunc",,Health and Family Welfare Department Kerala,Kerala,3,3,1,2026-09-26 13:03,2026-10-06 16:00,https://bidplus.gem.gov.in/showbidDocument/9950777,2026-09-28
GEM/2026/B/7967551,Server,Servers (V2),Servers (V2),Ministry of Defence,Department of Military Affairs,,5,1,0,2026-09-26 13:00,2026-09-28 13:00,https://bidplus.gem.gov.in/showbidDocument/9813561,2026-09-25
GEM/2026/B/7937755,Desktop,Fixed Computer Workstation,Fixed Computer Workstation,Ministry of Education,Department of Higher Education,,1,1,0,2026-09-26 13:00,2026-09-28 13:00,https://bidplus.gem.gov.in/showbidDocument/9779128,2026-09-25
GEM/2026/B/8083967,Desktop,Entry and Mid Level Desktop Computer,Entry and Mid Level Desktop Computer,,Higher Education Department Kerala,Kerala,15,1,0,2026-09-26 12:56,2026-10-12 12:00,https://bidplus.gem.gov.in/showbidDocument/9947107,2026-09-28
GEM/2026/B/8087025,Laptop,Entry and Mid Level Laptop - Notebook,Entry and Mid Level Laptop - Notebook,,Local Self Government Department Kerala,Kerala,6,1,0,2026-09-26 12:54,2026-10-06 13:00,https://bidplus.gem.gov.in/showbidDocument/9950650,2026-09-28
GEM/2026/B/8068036,Desktop,Entry and Mid Level Desktop Computer,"Entry and Mid Level Desktop Computer,Line Interactive UPS with AVR (V2)",Ministry of Defence,Department of Military Affairs,,12,2,1,2026-09-26 12:51,2026-10-07 10:00,https://bidplus.gem.gov.in/showbidDocument/9929064,2026-09-28
GEM/2026/B/8085572,Desktop,Entry and Mid Level Desktop Computer,"Line Interactive UPS with AVR (V2),Entry and Mid Level Desktop Computer,A4 and Legal Size Multifunc",,Technical Education Training and Skill Development Department West Bengal,West Bengal,13,3,1,2026-09-26 12:50,2026-10-28 13:00,https://bidplus.gem.gov.in/showbidDocument/9948912,2026-09-28
GEM/2026/B/8085137,Desktop,High End Desktop Computer,"High End Desktop Computer,Professional Large Format Display (V2),Professional Large Format Display ",Ministry of Education,Department of Higher Education,,36,3,1,2026-09-26 12:40,2026-10-06 13:00,https://bidplus.gem.gov.in/showbidDocument/9948406,2026-09-28
GEM/2026/B/8086745,Desktop,Entry and Mid Level Desktop Computer,Entry and Mid Level Desktop Computer,,Rural Development and Panchayat Raj Department Tamil Nadu,Tamil Nadu,2,1,0,2026-09-26 12:25,2026-10-06 13:00,https://bidplus.gem.gov.in/showbidDocument/9950314,2026-09-28
GEM/2026/B/8034735,All-in-One PC,All in one Desktop | All in one Desktop,"All in one Desktop,All in one Desktop,Visualizer,Projector,Network Switch,Podium,Biometric with Loc",Ministry of Defence,Department of Military Affairs,,12,7,1,2026-09-26 12:19,2026-10-07 13:00,https://bidplus.gem.gov.in/showbidDocument/9890864,2026-09-28
GEM/2026/B/8086771,Desktop,Entry and Mid Level Desktop Computer,"Entry and Mid Level Desktop Computer,A4 and Legal Size Multifunction Printer (MFP),A4 and Legal Siz",,Housing and Urban Development Department Odisha,Odisha,32,3,1,2026-09-26 12:15,2026-10-06 13:00,https://bidplus.gem.gov.in/showbidDocument/9950348,2026-09-28
GEM/2026/B/7964076,Desktop,Entry and Mid Level Desktop Computer,"Entry and Mid Level Desktop Computer,Label Printer / Barcode Printer",Ministry of Defence,Department of Military Affairs,,9,2,1,2026-09-26 12:00,2026-09-28 12:00,https://bidplus.gem.gov.in/showbidDocument/9809477,2026-09-25
GEM/2026/B/7409621,Desktop,High End Desktop Computer | Entry and Mid Level Desktop Computer,"High End Desktop Computer,Entry and Mid Level Desktop Computer",Ministry of Defence,Department of Defence Research & Development,,16,2,1,2026-09-26 12:00,2026-09-28 12:00,https://bidplus.gem.gov.in/showbidDocument/9184033,2026-09-25
GEM/2026/B/7854470,Desktop,High End Desktop Computer,High End Desktop Computer,Ministry of Defence,Department of Military Affairs,,7,1,0,2026-09-26 12:00,2026-09-28 12:00,https://bidplus.gem.gov.in/showbidDocument/9683946,2026-09-25
GEM/2026/B/8086699,Laptop,Entry and Mid Level Laptop - Notebook | Entry and Mid Level Laptop - Notebook,"Entry and Mid Level Laptop - Notebook,Entry and Mid Level Laptop - Notebook",,Higher Education Department Kerala,Kerala,2,2,1,2026-09-26 11:59,2026-10-06 14:00,https://bidplus.gem.gov.in/showbidDocument/9950258,2026-09-28
GEM/2026/B/8086749,Desktop,Entry and Mid Level Desktop Computer,Entry and Mid Level Desktop Computer,,Health and Family Welfare Department Kerala,Kerala,1,1,0,2026-09-26 11:59,2026-10-06 21:00,https://bidplus.gem.gov.in/showbidDocument/9950321,2026-09-28
GEM/2026/B/8085991,Laptop,LAPTOP 14 INCH,"TABLET 11 INCH,LAPTOP 14 INCH",Ministry of Defence,Department of Defence,,2,2,1,2026-09-26 11:57,2026-10-12 12:00,https://bidplus.gem.gov.in/showbidDocument/9949414,2026-09-28
GEM/2026/B/8086660,Desktop,Entry and Mid Level Desktop Computer,Entry and Mid Level Desktop Computer,,Local Self Government Department Kerala,Kerala,1,1,0,2026-09-26 11:52,2026-10-08 12:00,https://bidplus.gem.gov.in/showbidDocument/9950211,2026-09-28
GEM/2026/B/8069900,Laptop,Laptop (Chipset Series) M5,Laptop (Chipset Series) M5,Ministry of Defence,Department of Military Affairs,,10,1,0,2026-09-26 11:09,2026-10-17 11:00,https://bidplus.gem.gov.in/showbidDocument/9931129,2026-09-28
GEM/2026/B/7997239,Laptop,Rugged Laptop,"CONTAINER,Rugged Laptop,3 KVA Online Rack based UPS,Media Edge Router MER,Layer 2 Manageable Switch",Ministry of Defence,Department of Military Affairs,,16,5,1,2026-09-26 11:02,2026-11-10 11:00,https://bidplus.gem.gov.in/showbidDocument/9847669,2026-09-28
GEM/2026/B/7841979,Desktop,High End Desktop Computer,"High End Desktop Computer,Online UPS (?10 KVA) With Battery Conforming To IS 16242 (Part 1),Onlin",Ministry of Defence,Department of Military Affairs,,315,3,1,2026-09-26 11:00,2026-09-28 11:00,https://bidplus.gem.gov.in/showbidDocument/9669870,2026-09-25
GEM/2026/B/7992432,Laptop,"Apple 2026 MacBook Air 15"" Laptop","Apple 2026 MacBook Air 15"" Laptop",Ministry of Defence,Department of Military Affairs,,1,1,0,2026-09-26 10:54,2026-10-06 11:00,https://bidplus.gem.gov.in/showbidDocument/9842219,2026-09-28
GEM/2026/B/8065127,Desktop,Entry and Mid Level Desktop Computer,Entry and Mid Level Desktop Computer,Ministry of Defence,Department of Military Affairs,,1,1,0,2026-09-26 10:49,2026-09-29 21:00,https://bidplus.gem.gov.in/showbidDocument/9925748,2026-09-28
GEM/2026/B/8083329,Desktop,Entry and Mid Level Desktop Computer,Entry and Mid Level Desktop Computer,Ministry of Education,Department of School Education and Literacy,,18,1,0,2026-09-26 10:39,2026-10-06 11:00,https://bidplus.gem.gov.in/showbidDocument/9946377,2026-09-28
GEM/2026/B/7935921,Server,Server to be added in existing Cluster,"Server to be added in existing Cluster,Virtualisation Software for existing cluster,Expansion box f",Ministry of Defence,Department of Military Affairs,,77,3,1,2026-09-26 10:39,2026-10-06 11:00,https://bidplus.gem.gov.in/showbidDocument/9777091,2026-09-28
GEM/2026/B/8086286,Laptop,HP 15 Smartchoice Laptop,HP 15 Smartchoice Laptop,Ministry of Defence,Department of Military Affairs,,1,1,0,2026-09-26 10:34,2026-10-06 11:00,https://bidplus.gem.gov.in/showbidDocument/9949783,2026-09-28
GEM/2026/B/8086216,Desktop,Entry and Mid Level Desktop Computer,"Entry and Mid Level Desktop Computer,Line Interactive UPS with AVR (V2),A4 and Legal Size Multifunc",,Women and Child Development Department,,3,3,1,2026-09-26 10:25,2026-10-06 11:00,https://bidplus.gem.gov.in/showbidDocument/9949697,2026-09-28
GEM/2026/B/7737998,Desktop,High End Desktop Computer,High End Desktop Computer,Ministry of Defence,Department of Military Affairs,,2,1,0,2026-09-26 10:00,2026-09-28 10:00,https://bidplus.gem.gov.in/showbidDocument/9551154,2026-09-25
GEM/2026/B/8015318,Server,IIS Server,"MS Net Framework,Central Licences Server,IIS Server,Antivirus,Adobe Photoshop",Ministry of Defence,Department of Military Affairs,,36,5,1,2026-09-26 10:00,2026-09-28 10:00,https://bidplus.gem.gov.in/showbidDocument/9868513,2026-09-25
GEM/2026/B/7741947,Desktop,High Performance Computing Workstation with GPU | Workstation,"High Performance Computing Workstation with GPU,HDMI Switcher,Network Attached Storage,Workstation",Ministry of Defence,Department of Military Affairs,,7,4,1,2026-09-26 10:00,2026-09-28 10:00,https://bidplus.gem.gov.in/showbidDocument/9555625,2026-09-25
GEM/2026/B/8062750,All-in-One PC,Server | i7 all in one pc | i5 desktop pc with,"kiosk,printer,Interactive Pannel,Server,10kva ups with battery,i7 all in one pc,i5 desktop pc with ",Ministry of Defence,Department of Military Affairs,,92,7,1,2026-09-26 09:29,2026-10-06 10:00,https://bidplus.gem.gov.in/showbidDocument/9923033,2026-09-28
GEM/2026/B/7574846,Desktop,High End Desktop Computer,High End Desktop Computer,Ministry of Defence,Department of Military Affairs,,105,1,0,2026-09-26 09:00,2026-09-28 09:00,https://bidplus.gem.gov.in/showbidDocument/9368054,2026-09-25
GEM/2026/B/8076143,Laptop,13 Inch MacBook Neo Apple A18 Pro | Dell 16 Plus 2-in-1 Laptop,"Apple Iphone 18 Pro,13 Inch MacBook Neo Apple A18 Pro,Dell 16 Plus 2-in-1 Laptop",Ministry of Defence,Department of Military Affairs,,4,3,1,2026-09-26 08:31,2026-10-06 09:00,https://bidplus.gem.gov.in/showbidDocument/9938152,2026-09-28
GEM/2026/B/8085884,All-in-One PC,All in One PC (V2),"All in One PC (V2),Computer Printer (V2),Line Interactive UPS with AVR (V2),Apple iMac,Apple Tablet",NITI Aayog - National Institution for Transforming India,NA,,5,5,1,2026-09-25 22:10,2026-10-17 17:00,https://bidplus.gem.gov.in/showbidDocument/9949302,2026-09-25
GEM/2026/B/7944354,Laptop,LAPTOP,"LAPTOP,SMARTPHONE,TABLET",Ministry of Defence,Department of Military Affairs,,6,3,1,2026-09-25 22:00,2026-09-28 09:00,https://bidplus.gem.gov.in/showbidDocument/9786558,2026-09-25
GEM/2026/B/8070802,Server,Servers (V2),Servers (V2),,Co-operative Department Punjab,Punjab,1,1,0,2026-09-25 21:51,2026-10-06 15:00,https://bidplus.gem.gov.in/showbidDocument/9932157,2026-09-25
GEM/2026/B/8029564,All-in-One PC,All in One PC (V2),All in One PC (V2),,School Education Department Jammu and Kashmir,Jammu & Kashmir,1,1,0,2026-09-25 21:42,2026-10-06 21:00,https://bidplus.gem.gov.in/showbidDocument/9884685,2026-09-25
GEM/2026/B/8051198,Desktop,High End Desktop Computer,"High End Desktop Computer,A3 Size Multifunction Printer (MFP),A4 and Legal Size Multifunction Print",Ministry of Defence,Department of Military Affairs,,11,3,1,2026-09-25 21:09,2026-10-06 14:00,https://bidplus.gem.gov.in/showbidDocument/9909684,2026-09-25
GEM/2026/B/7979747,Laptop,Laptop intel i7 14 Gen,Laptop intel i7 14 Gen,Ministry of Defence,Department of Military Affairs,,1,1,0,2026-09-25 21:00,2026-09-26 21:00,https://bidplus.gem.gov.in/showbidDocument/9827925,2026-09-25
GEM/2026/B/7979786,Laptop,Laptop M5 chip,Laptop M5 chip,Ministry of Defence,Department of Military Affairs,,2,1,0,2026-09-25 21:00,2026-09-26 21:00,https://bidplus.gem.gov.in/showbidDocument/9827977,2026-09-25
GEM/2026/B/7816078,Laptop,procurement of laptop / notebook and similar devices,procurement of laptop / notebook and similar devices,Ministry of Defence,Department of Military Affairs,,2,1,0,2026-09-25 21:00,2026-09-26 21:00,https://bidplus.gem.gov.in/showbidDocument/9640035,2026-09-25
GEM/2026/B/7890141,Desktop,Entry and Mid Level Desktop Computer | High End Desktop Computer,"Entry and Mid Level Desktop Computer,High End Desktop Computer",Ministry of Defence,Department of Military Affairs,,5,2,1,2026-09-25 21:00,2026-09-26 21:00,https://bidplus.gem.gov.in/showbidDocument/9724523,2026-09-25
GEM/2026/B/7693616,Desktop,Desktop PC Elite Tower 800 G9 PC i9 14 Gen,"Desktop PC Elite Tower 800 G9 PC i9 14 Gen, 32 GB RAM, 1TB SSD HDD, Internal DVD drive with 23.8 in",Ministry of Defence,Department of Military Affairs,,74,4,1,2026-09-25 21:00,2026-09-26 21:00,https://bidplus.gem.gov.in/showbidDocument/9501001,2026-09-25
GEM/2026/B/8085556,Server,Server,"Server,LAN,Kit,Cable,Mouse",Ministry of Education,Department of Higher Education,,5,5,1,2026-09-25 20:51,2026-10-16 21:00,https://bidplus.gem.gov.in/showbidDocument/9948891,2026-09-25
GEM/2026/B/7852036,Laptop,High End Laptop - Notebook,High End Laptop - Notebook,Ministry of Defence,Department of Military Affairs,,3,1,0,2026-09-25 19:00,2026-09-26 19:00,https://bidplus.gem.gov.in/showbidDocument/9681161,2026-09-25
GEM/2026/B/7954304,Desktop,Entry and Mid Level Desktop Computer,Entry and Mid Level Desktop Computer,Ministry of Finance,Department of Financial Services,,65,1,0,2026-09-25 19:00,2026-09-29 19:00,https://bidplus.gem.gov.in/showbidDocument/9798205,2026-09-25
GEM/2026/B/7999086,Laptop,Laptop,"Laptop,Phone",Ministry of Defence,Department of Military Affairs,,3,2,1,2026-09-25 18:22,2026-10-05 19:00,https://bidplus.gem.gov.in/showbidDocument/9849777,2026-09-25
GEM/2026/B/8050552,Desktop,Workstation with Cuda supported GPU minimum 72 GB Graphics RAM,Workstation with Cuda supported GPU minimum 72 GB Graphics RAM,Ministry of Education,Department of Higher Education,,1,1,0,2026-09-25 18:20,2026-10-16 19:00,https://bidplus.gem.gov.in/showbidDocument/9908943,2026-09-25
GEM/2026/B/8085355,Desktop,DESKTOP COMPUTER,DESKTOP COMPUTER,Ministry of Defence,Department of Military Affairs,,3,1,0,2026-09-25 18:09,2026-10-05 19:00,https://bidplus.gem.gov.in/showbidDocument/9948653,2026-09-25
GEM/2026/B/7993828,All-in-One PC,Desktop PC | All in One Desktop PC | Desktop Mo,"Desktop PC,All in One Desktop PC,Lamp Scanner,15 KVA Online UPS with Lithium ion battery,Desktop Mo",Ministry of Defence,Department of Military Affairs,,35,5,1,2026-09-25 18:07,2026-10-16 18:00,https://bidplus.gem.gov.in/showbidDocument/9843802,2026-09-25
GEM/2026/B/8085236,All-in-One PC,All in One PC (V2),All in One PC (V2),Ministry of Power,RURAL ELECTRIFICATION Corporation Limited,,1,1,0,2026-09-25 18:06,2026-09-28 19:00,https://bidplus.gem.gov.in/showbidDocument/9948518,2026-09-25
GEM/2026/B/8027994,All-in-One PC,All in One PC (V2),All in One PC (V2),Ministry of Power,POWER GRID Corporation OF INDIA Limited,,21,1,0,2026-09-25 18:03,2026-10-10 18:00,https://bidplus.gem.gov.in/showbidDocument/9882909,2026-09-25
GEM/2026/B/7821839,Laptop,High End Laptop - Notebook,High End Laptop - Notebook,Ministry of Defence,Department of Defence Research & Development,,42,1,0,2026-09-25 18:00,2026-09-26 18:00,https://bidplus.gem.gov.in/showbidDocument/9646513,2026-09-25
GEM/2026/B/7909560,Desktop,Entry and Mid Level Desktop Computer,"Entry and Mid Level Desktop Computer,Line Interactive UPS with AVR (V2),A4 and Legal Size Multifunc",,Revenue and Disaster Management Department Odisha,Odisha,42,3,1,2026-09-25 18:00,2026-09-26 18:00,https://bidplus.gem.gov.in/showbidDocument/9746849,2026-09-25
GEM/2026/B/8073033,Laptop,2 in 1 Laptop,2 in 1 Laptop,Ministry of Communications,Department of Telecommunications (DOT),,1,1,0,2026-09-25 17:54,2026-10-16 18:00,https://bidplus.gem.gov.in/showbidDocument/9934670,2026-09-25
GEM/2026/B/8058639,Laptop,Laptops and Peripherals - Desktop PC; hp,"Annual Maintenance Service - Desktops,  Laptops and Peripherals - Desktop PC; hp",Ministry of Housing & Urban Affairs (MoHUA),NA,,1,2,1,2026-09-25 17:51,2026-10-06 11:00,https://bidplus.gem.gov.in/showbidDocument/9918170,2026-09-25
GEM/2026/B/8070558,All-in-One PC,All in One PC (V2),"All in One PC (V2),A4 and Legal Size Multifunction Printer (MFP)",,Food Civil Supplies and Consumer Protection Department Madhya Pradesh,Madhya Pradesh,2,2,1,2026-09-25 17:51,2026-10-05 18:00,https://bidplus.gem.gov.in/showbidDocument/9931890,2026-09-25
GEM/2026/B/8085130,Server,Servers (V2),Servers (V2),Ministry of Finance,Department of Economic Affairs,,1,1,0,2026-09-25 17:50,2026-10-06 17:00,https://bidplus.gem.gov.in/showbidDocument/9948397,2026-09-25
GEM/2026/B/8079294,Desktop,Fixed Computer Workstation (V2),Fixed Computer Workstation (V2),Ministry of Science and Technology,Department of Scientific and Industrial Research (DSIR),,1,1,0,2026-09-25 17:50,2026-10-05 18:00,https://bidplus.gem.gov.in/showbidDocument/9941751,2026-09-25
GEM/2026/B/8085120,Laptop,Laptops and Peripherals - Desktop PC; HP,"Annual Maintenance Service - Desktops,  Laptops and Peripherals - Desktop PC; HP,Dell,Lenovo",,School Education Department Tamil Nadu,Tamil Nadu,35,4,1,2026-09-25 17:48,2026-10-05 18:00,https://bidplus.gem.gov.in/showbidDocument/9948386,2026-09-25
GEM/2026/B/8047059,Server,Server or Network Rack (V2),Server or Network Rack (V2),PMO,Department of Atomic Energy,,2,1,0,2026-09-25 17:44,2026-10-05 14:00,https://bidplus.gem.gov.in/showbidDocument/9905051,2026-09-25
GEM/2026/B/8018502,Laptop,Entry and Mid Level Laptop - Notebook,Entry and Mid Level Laptop - Notebook,,Finance Department Gujarat,Gujarat,23,1,0,2026-09-25 17:40,2026-10-17 18:00,https://bidplus.gem.gov.in/showbidDocument/9872034,2026-09-25
GEM/2026/B/8009056,Desktop,Entry and Mid Level Desktop Computer,Entry and Mid Level Desktop Computer,,Home and Political Department Assam,Assam,16,1,0,2026-09-25 17:40,2026-10-05 18:00,https://bidplus.gem.gov.in/showbidDocument/9861465,2026-09-25
GEM/2026/B/8082342,Desktop,Entry and Mid Level Desktop Computer,Entry and Mid Level Desktop Computer,Ministry of Finance,Department of Financial Services,,10,1,0,2026-09-25 17:39,2026-10-05 12:00,https://bidplus.gem.gov.in/showbidDocument/9945290,2026-09-25
GEM/2026/B/8084993,Laptop,Entry and Mid Level Desktop Computer | Entry and Mid Level Laptop - Notebook,"Entry and Mid Level Desktop Computer,Entry and Mid Level Laptop - Notebook",,Revenue and Forest Department Maharashtra,Maharashtra,150,2,1,2026-09-25 17:38,2026-10-10 16:00,https://bidplus.gem.gov.in/showbidDocument/9948242,2026-09-25
GEM/2026/B/8084512,Desktop,Entry and Mid Level Desktop Computer,Entry and Mid Level Desktop Computer,Ministry of Textiles,The Cotton Corporation Of India Limited,,11,1,0,2026-09-25 17:37,2026-10-16 15:00,https://bidplus.gem.gov.in/showbidDocument/9947706,2026-09-25
GEM/2026/B/7865711,Desktop,High End Desktop Computer,High End Desktop Computer,,Education Department Gujarat,Gujarat,395,1,0,2026-09-25 17:30,2026-10-05 18:00,https://bidplus.gem.gov.in/showbidDocument/9696534,2026-09-25
GEM/2026/B/8064154,Desktop,Entry and Mid Level Desktop Computer,Entry and Mid Level Desktop Computer,Ministry of Defence,Department of Defence Research & Development,,1,1,0,2026-09-25 17:10,2026-10-06 18:00,https://bidplus.gem.gov.in/showbidDocument/9924618,2026-09-25
GEM/2026/B/8085084,Laptop,High End Laptop - Notebook,High End Laptop - Notebook,Ministry of Finance,Department of Financial Services,,6,1,0,2026-09-25 17:07,2026-10-05 18:00,https://bidplus.gem.gov.in/showbidDocument/9948344,2026-09-25
GEM/2026/B/8038094,Desktop,High End Desktop Computer | High End Desktop Computer,"High End Desktop Computer,High End Desktop Computer",Ministry of Education,Department of Higher Education,,16,2,1,2026-09-25 17:02,2026-10-05 18:00,https://bidplus.gem.gov.in/showbidDocument/9894793,2026-09-25
GEM/2026/B/8084740,Desktop,High End Desktop Computer | Entry and Mid Level Desktop Computer,"High End Desktop Computer,Entry and Mid Level Desktop Computer",Ministry of Consumer Affairs Food and Public Distribution,Department of Food and Public Distribution,,2,2,1,2026-09-25 17:02,2026-10-05 17:00,https://bidplus.gem.gov.in/showbidDocument/9947954,2026-09-25
GEM/2026/B/8077391,Laptop,LAPTOP i5 13th Gen 16 GB 512 GB 15.6 inch WIN 11,"LAPTOP i5 13th Gen 16 GB 512 GB 15.6 inch WIN 11,OFFICE ALMIRAH,FILE COVER,PENDRIVE 256 GB,LASER PR",,Elementary Education Department Haryana,Haryana,716,5,1,2026-09-25 17:00,2026-10-10 18:00,https://bidplus.gem.gov.in/showbidDocument/9939597,2026-09-25
GEM/2026/B/7790508,Laptop,High End Laptop - Notebook,High End Laptop - Notebook,Ministry of Defence,Department of Defence Production,,14,1,0,2026-09-25 17:00,2026-09-28 13:00,https://bidplus.gem.gov.in/showbidDocument/9610766,2026-09-25
GEM/2026/B/7817189,Desktop,Entry and Mid Level Desktop Computer,"Entry and Mid Level Desktop Computer,A4 and Legal Size Multifunction Printer (MFP)",Ministry of Home Affairs,Women Safety Division,,25,2,1,2026-09-25 17:00,2026-09-26 17:00,https://bidplus.gem.gov.in/showbidDocument/9641259,2026-09-25
GEM/2026/B/8020394,Desktop,Entry and Mid Level Desktop Computer,Entry and Mid Level Desktop Computer,,Revenue and Disaster Management Department Odisha,Odisha,1,1,0,2026-09-25 17:00,2026-09-26 17:00,https://bidplus.gem.gov.in/showbidDocument/9874237,2026-09-25
GEM/2026/B/8071321,Desktop,SUPPLY OF DESKTOPS AND WORKSTATION | SUPPLY OF DESKTOPS AND WORKSTATION | SUPPLY OF DESKTOPS AND WORKST,"SUPPLY OF DESKTOPS AND WORKSTATION,SUPPLY OF DESKTOPS AND WORKSTATION,SUPPLY OF DESKTOPS AND WORKST",Ministry of Science and Technology,Department of Scientific and Industrial Research (DSIR),,19,3,1,2026-09-25 16:59,2026-10-19 17:00,https://bidplus.gem.gov.in/showbidDocument/9932777,2026-09-25
GEM/2026/B/8061783,Laptop,Laptops and Peripherals - Desktop PC; hp,"Annual Maintenance Service - Desktops,  Laptops and Peripherals - Desktop PC; hp,Annual Maintenance",Ministry of Power,Grid Controller of India Limited,,176,3,1,2026-09-25 16:54,2026-10-16 17:00,https://bidplus.gem.gov.in/showbidDocument/9921901,2026-09-25
GEM/2026/B/8084814,Desktop,GPU Workstation,GPU Workstation,Ministry of Science and Technology,Department of Scientific and Industrial Research (DSIR),,40,1,0,2026-09-25 16:52,2026-10-16 17:00,https://bidplus.gem.gov.in/showbidDocument/9948041,2026-09-25
GEM/2026/B/8084896,Desktop,Fixed Computer Workstation (V2),Fixed Computer Workstation (V2),Ministry of Communications,Department of Telecommunications (DOT),,6,1,0,2026-09-25 16:50,2026-10-16 09:00,https://bidplus.gem.gov.in/showbidDocument/9948132,2026-09-25
GEM/2026/B/8084893,Desktop,High End Desktop Computer,High End Desktop Computer,Ministry of Micro Small and Medium Enterprises,Ministry of Micro Small and Medium Enterprises,,20,1,0,2026-09-25 16:48,2026-10-05 17:00,https://bidplus.gem.gov.in/showbidDocument/9948128,2026-09-25
GEM/2026/B/8084819,Desktop,GPU WORKSTATION,GPU WORKSTATION,Ministry of Education,Department of Higher Education,,1,1,0,2026-09-25 16:46,2026-10-17 11:00,https://bidplus.gem.gov.in/showbidDocument/9948047,2026-09-25
GEM/2026/B/8050525,Desktop,Entry and Mid Level Desktop Computer,Entry and Mid Level Desktop Computer,,Panchayats and Rural Housing Department Gujarat,Gujarat,4,1,0,2026-09-25 16:44,2026-10-05 17:00,https://bidplus.gem.gov.in/showbidDocument/9908914,2026-09-25
GEM/2026/B/8082149,Desktop,High End Desktop Computer,High End Desktop Computer,,Police Department Himachal Pradesh,Himachal Pradesh,10,1,0,2026-09-25 16:41,2026-10-16 17:00,https://bidplus.gem.gov.in/showbidDocument/9945067,2026-09-25
GEM/2026/B/8062118,Desktop,Entry and Mid Level Desktop Computer,Entry and Mid Level Desktop Computer,Ministry of Railways,Indian Railways,,1,1,0,2026-09-25 16:39,2026-10-03 09:00,https://bidplus.gem.gov.in/showbidDocument/9922301,2026-09-25
GEM/2026/B/8025993,Desktop,Entry and Mid Level Desktop Computer,Entry and Mid Level Desktop Computer,Ministry of Defence,Department of Military Affairs,,32,1,0,2026-09-25 16:37,2026-10-09 18:00,https://bidplus.gem.gov.in/showbidDocument/9880657,2026-09-25
GEM/2026/B/8015494,Desktop,iMAC Workstation,iMAC Workstation,,Training and Technical Education Department Delhi,Delhi,1,1,0,2026-09-25 16:37,2026-10-16 17:00,https://bidplus.gem.gov.in/showbidDocument/9868704,2026-09-25
GEM/2026/B/8083492,Desktop,Entry and Mid Level Desktop Computer,Entry and Mid Level Desktop Computer,Ministry of Finance,Department of Financial Services,,7,1,0,2026-09-25 16:26,2026-10-05 14:00,https://bidplus.gem.gov.in/showbidDocument/9946570,2026-09-25
GEM/2026/B/8077972,Desktop,Entry and Mid Level Desktop Computer,"Entry and Mid Level Desktop Computer,Line Interactive UPS with AVR (V2),A4 and Legal Size Multifunc",Ministry of Railways,Indian Railways,,39,3,1,2026-09-25 16:23,2026-10-06 17:00,https://bidplus.gem.gov.in/showbidDocument/9940254,2026-09-25
GEM/2026/B/8084536,Desktop,Entry and Mid Level Desktop Computer | Entry and Mid Level Desktop Computer,"Entry and Mid Level Desktop Computer,Entry and Mid Level Desktop Computer,Entry and Mid Level Lapto",,Local Self Government Department Kerala,Kerala,5,3,1,2026-09-25 16:21,2026-10-05 21:00,https://bidplus.gem.gov.in/showbidDocument/9947733,2026-09-25
GEM/2026/B/8083879,Laptop,High End Laptop - Notebook,High End Laptop - Notebook,Ministry of Finance,Department of Financial Services,,65,1,0,2026-09-25 16:20,2026-10-09 17:00,https://bidplus.gem.gov.in/showbidDocument/9947008,2026-09-25
GEM/2026/B/7881266,Laptop,Laptops and Peripherals - Desktop PC; Lenovo,"Annual Maintenance Service - Desktops,  Laptops and Peripherals - Desktop PC; Lenovo,Annual Mainten",,General Administration Department Delhi,Delhi,102,3,1,2026-09-25 16:20,2026-10-05 17:00,https://bidplus.gem.gov.in/showbidDocument/9714425,2026-09-25
GEM/2026/B/8084489,Laptop,High End Laptop - Notebook,High End Laptop - Notebook,,Information Technology Department Chandigarh,Chandigarh,2,1,0,2026-09-25 16:20,2026-10-09 17:00,https://bidplus.gem.gov.in/showbidDocument/9947679,2026-09-25
GEM/2026/B/7991585,Desktop,HP Desktop Computer,HP Desktop Computer,Ministry of Defence,Department of Military Affairs,,3,1,0,2026-09-25 16:19,2026-10-05 17:00,https://bidplus.gem.gov.in/showbidDocument/9841254,2026-09-25
GEM/2026/B/8084378,Laptop,Entry and Mid Level Laptop - Notebook,"Entry and Mid Level Laptop - Notebook,Computer Printer (V2),Computer Printer (V2),A3 Size Multifunc",,Technical Education Training and Skill Development Department West Bengal,West Bengal,17,4,1,2026-09-25 16:18,2026-10-12 17:00,https://bidplus.gem.gov.in/showbidDocument/9947562,2026-09-25
GEM/2026/B/8084000,Laptop,Entry and Mid Level Laptop - Notebook,Entry and Mid Level Laptop - Notebook,,Higher Education Department Kerala,Kerala,23,1,0,2026-09-25 16:15,2026-10-05 17:00,https://bidplus.gem.gov.in/showbidDocument/9947145,2026-09-25
GEM/2026/B/8023471,Desktop,High End Desktop Computer,High End Desktop Computer,Ministry of Communications,Department of Posts,,770,1,0,2026-09-25 16:09,2026-10-16 16:00,https://bidplus.gem.gov.in/showbidDocument/9877682,2026-09-25
GEM/2026/B/8084422,Desktop,GB 10 Workstation,GB 10 Workstation,Ministry of Electronics and Information Technology,Department of Electronics and Information Technology,,1,1,0,2026-09-25 16:05,2026-10-06 17:00,https://bidplus.gem.gov.in/showbidDocument/9947611,2026-09-25
GEM/2026/B/8082712,Desktop,Entry and Mid Level Desktop Computer,Entry and Mid Level Desktop Computer,Ministry of Science and Technology,Department of Science and Technology (DST),,1,1,0,2026-09-25 16:04,2026-10-05 17:00,https://bidplus.gem.gov.in/showbidDocument/9945701,2026-09-25
GEM/2026/B/7972963,Desktop,Entry and Mid Level Desktop Computer,"Entry and Mid Level Desktop Computer,Computer Printer (V2)",,General Administration Department (GAD) Jammu and Kashmir,Jammu & Kashmir,36,2,1,2026-09-25 16:00,2026-09-26 16:00,https://bidplus.gem.gov.in/showbidDocument/9819845,2026-09-25
GEM/2026/B/7890812,Desktop,Desktop Computer,"Desktop Computer,Multifunctional Printer Color,Multifunctional Printer Black and White,A3 Network P",Ministry of Road Transports and highways,NA,,10,4,1,2026-09-25 16:00,2026-09-26 16:00,https://bidplus.gem.gov.in/showbidDocument/9725274,2026-09-25
GEM/2026/B/8037701,Laptop,High End Laptop - Notebook,High End Laptop - Notebook,,"Transport Department, Andaman & Nicobar",Andaman & Nicobar,8,1,0,2026-09-25 15:56,2026-10-06 16:00,https://bidplus.gem.gov.in/showbidDocument/9894355,2026-09-25
GEM/2026/B/8083619,All-in-One PC,Desktop Computer | All in One Computer | High End PC,"Desktop Computer,All in One Computer,High End PC,Wireless Mouse Keyboard Combo,Mousepad",Ministry of Defence,Department of Military Affairs,,54,5,1,2026-09-25 15:51,2026-10-05 16:00,https://bidplus.gem.gov.in/showbidDocument/9946720,2026-09-25
GEM/2026/B/8084231,Laptop,Entry and Mid Level Desktop Computer | Entry and Mid Level Laptop - Notebook,"Entry and Mid Level Desktop Computer,Entry and Mid Level Laptop - Notebook",,Local Self Government Department Kerala,Kerala,6,2,1,2026-09-25 15:49,2026-10-05 16:00,https://bidplus.gem.gov.in/showbidDocument/9947398,2026-09-25
GEM/2026/B/8084300,Laptop,Entry and Mid Level Laptop - Notebook,Entry and Mid Level Laptop - Notebook,,Health and Family Welfare Department Kerala,Kerala,1,1,0,2026-09-25 15:48,2026-10-05 17:00,https://bidplus.gem.gov.in/showbidDocument/9947475,2026-09-25
GEM/2026/B/8084093,Desktop,Entry and Mid Level Desktop Computer,"Entry and Mid Level Desktop Computer,A4 and Legal Size Multifunction Printer (MFP),A4 and Legal Siz",,Rural Development and Panchayat Raj Department Tamil Nadu,Tamil Nadu,12,3,1,2026-09-25 15:46,2026-10-05 16:00,https://bidplus.gem.gov.in/showbidDocument/9947244,2026-09-25
GEM/2026/B/8084068,All-in-One PC,Entry and Mid Level Desktop Computer | All in One PC (V2),"Entry and Mid Level Desktop Computer,All in One PC (V2),Line Interactive UPS with AVR (V2)",Ministry of Health and Family Welfare,Department of Health and Family Welfare,,18,3,1,2026-09-25 15:43,2026-10-06 16:00,https://bidplus.gem.gov.in/showbidDocument/9947218,2026-09-25
GEM/2026/B/8084180,Laptop,LAPTOP,"all in one,LAPTOP,MS WINDOWS,MS OFFICE,ANTIVIRUS",Ministry of Defence,Department of Defence,,9,5,1,2026-09-25 15:32,2026-10-05 16:00,https://bidplus.gem.gov.in/showbidDocument/9947339,2026-09-25
GEM/2026/B/8082904,Desktop,High End Desktop Computer,High End Desktop Computer,Ministry of Defence,Department of Military Affairs,,8,1,0,2026-09-25 15:20,2026-10-05 15:00,https://bidplus.gem.gov.in/showbidDocument/9945913,2026-09-25
GEM/2026/B/8083900,Laptop,Entry and Mid Level Laptop - Notebook,Entry and Mid Level Laptop - Notebook,Ministry of Finance,Department of Financial Services,,2,1,0,2026-09-25 15:19,2026-10-07 21:00,https://bidplus.gem.gov.in/showbidDocument/9947031,2026-09-25
GEM/2026/B/8082747,All-in-One PC,All in One PC (V2) | Entry and Mid Level Desktop Computer,"All in One PC (V2),Entry and Mid Level Desktop Computer,A4 and Legal Size Multifunction Printer (MF",Ministry of Health and Family Welfare,Department of Health and Family Welfare,,10,3,1,2026-09-25 15:17,2026-10-05 16:00,https://bidplus.gem.gov.in/showbidDocument/9945743,2026-09-25
GEM/2026/B/8083846,Desktop,High End Desktop Computer,High End Desktop Computer,PMO,Department of Atomic Energy,,4,1,0,2026-09-25 15:16,2026-10-05 16:00,https://bidplus.gem.gov.in/showbidDocument/9946970,2026-09-25
GEM/2026/B/8083804,Desktop,Entry and Mid Level Desktop Computer,Entry and Mid Level Desktop Computer,,Local Self Government Department Kerala,Kerala,5,1,0,2026-09-25 15:10,2026-10-05 16:00,https://bidplus.gem.gov.in/showbidDocument/9946926,2026-09-25
GEM/2026/B/8083165,Laptop,Entry and Mid Level Laptop - Notebook,Entry and Mid Level Laptop - Notebook,,Local Self Government Department Kerala,Kerala,24,1,0,2026-09-25 15:09,2026-10-05 21:00,https://bidplus.gem.gov.in/showbidDocument/9946193,2026-09-25
GEM/2026/B/8083972,Desktop,Entry and Mid Level Desktop Computer,Entry and Mid Level Desktop Computer,,Local Self Government Department Kerala,Kerala,1,1,0,2026-09-25 15:08,2026-10-06 16:00,https://bidplus.gem.gov.in/showbidDocument/9947112,2026-09-25
GEM/2026/B/8083583,Laptop,ADAPTOP FOR LAPTOP,ADAPTOP FOR LAPTOP,Ministry of Defence,Department of Military Affairs,,2,1,0,2026-09-25 15:03,2026-10-06 15:00,https://bidplus.gem.gov.in/showbidDocument/9946680,2026-09-25
GEM/2026/B/7730762,Laptop,High End Laptop - Notebook,High End Laptop - Notebook,Ministry of Power,Hydro Power,,261,1,0,2026-09-25 15:00,2026-09-26 15:00,https://bidplus.gem.gov.in/showbidDocument/9543052,2026-09-25
GEM/2026/B/8006111,Desktop,DESKTOP PC WITH COMPLETE ACCESSORIES,DESKTOP PC WITH COMPLETE ACCESSORIES,Ministry of Defence,Department of Military Affairs,,4,1,0,2026-09-25 15:00,2026-09-26 15:00,https://bidplus.gem.gov.in/showbidDocument/9858005,2026-09-25
GEM/2026/B/7789036,Desktop,graphics processing unit (GPU) workstation 32GB,graphics processing unit (GPU) workstation 32GB,Ministry of Defence,Department of Defence Research & Development,,2,1,0,2026-09-25 15:00,2026-09-26 16:00,https://bidplus.gem.gov.in/showbidDocument/9609105,2026-09-25
GEM/2026/B/8083686,All-in-One PC,All in One PC (V2) | Entry and Mid Level Laptop - Notebook,"All in One PC (V2),Entry and Mid Level Laptop - Notebook,A4 and Legal Size Multifunction Printer (M",Ministry of Textiles,Office of the Development Commissioner Handicrafts,,20,3,1,2026-09-25 14:59,2026-10-10 15:00,https://bidplus.gem.gov.in/showbidDocument/9946798,2026-09-25
GEM/2026/B/8083802,Desktop,Fixed Computer Workstation (V2),Fixed Computer Workstation (V2),Ministry of Communications,Department of Telecommunications (DOT),,1,1,0,2026-09-25 14:57,2026-10-16 15:00,https://bidplus.gem.gov.in/showbidDocument/9946923,2026-09-25
GEM/2026/B/8083503,Desktop,Entry and Mid Level Desktop Computer,"Entry and Mid Level Desktop Computer,Line Interactive UPS with AVR (V2),Computer Printer (V2)",,Transport Department Uttar Pradesh,Uttar Pradesh,108,3,1,2026-09-25 14:50,2026-10-05 15:00,https://bidplus.gem.gov.in/showbidDocument/9946585,2026-09-25
GEM/2026/B/8083430,Laptop,High End Laptop - Notebook,"High End Laptop - Notebook,A4 and Legal Size Multifunction Printer (MFP)",Ministry of Civil Aviation,Airports Authority of India (AAI),,46,2,1,2026-09-25 14:41,2026-10-16 14:00,https://bidplus.gem.gov.in/showbidDocument/9946493,2026-09-25
GEM/2026/B/8083689,Desktop,Entry and Mid Level Desktop Computer,Entry and Mid Level Desktop Computer,,Local Self Government Department Kerala,Kerala,1,1,0,2026-09-25 14:37,2026-10-06 15:00,https://bidplus.gem.gov.in/showbidDocument/9946801,2026-09-25
GEM/2026/B/8083655,Laptop,Entry and Mid Level Laptop - Notebook | Entry and Mid Level Desktop Computer,"Entry and Mid Level Laptop - Notebook,Entry and Mid Level Desktop Computer",,Panchayat,,3,2,1,2026-09-25 14:33,2026-10-06 15:00,https://bidplus.gem.gov.in/showbidDocument/9946763,2026-09-25
GEM/2026/B/8022864,Laptop,High End Laptop - Notebook,High End Laptop - Notebook,Ministry of Statistics and Programme Implementation,National Sample Survey Office (NSSO),,39,1,0,2026-09-25 14:33,2026-10-05 15:00,https://bidplus.gem.gov.in/showbidDocument/9877017,2026-09-25
GEM/2026/B/8083618,Laptop,Entry and Mid Level Laptop - Notebook,Entry and Mid Level Laptop - Notebook,,Local Self Government Department Kerala,Kerala,1,1,0,2026-09-25 14:29,2026-10-05 15:00,https://bidplus.gem.gov.in/showbidDocument/9946719,2026-09-25
GEM/2026/B/8083595,Desktop,SATA Desktop PC Internal DVD Writer,"SATA Desktop PC Internal DVD Writer,Wired USB Standard Desktop Keyboard,Wired USB Standard Mouse,SM",Ministry of Defence,Department of Military Affairs,,12,4,1,2026-09-25 14:23,2026-10-05 15:00,https://bidplus.gem.gov.in/showbidDocument/9946692,2026-09-25
GEM/2026/B/8021781,Laptop,i7 Laptop with 6 GB Graphic Card OLED Screen,i7 Laptop with 6 GB Graphic Card OLED Screen,Ministry of Defence,Department of Military Affairs,,7,1,0,2026-09-25 14:21,2026-10-05 15:00,https://bidplus.gem.gov.in/showbidDocument/9875795,2026-09-25
GEM/2026/B/8083437,Desktop,Entry and Mid Level Desktop Computer,Entry and Mid Level Desktop Computer,,West Bengal State Electricity Distribution Company Limited (WBSEDCL),West Bengal,4,1,0,2026-09-25 14:21,2026-10-07 10:00,https://bidplus.gem.gov.in/showbidDocument/9946504,2026-09-25
GEM/2026/B/7978740,Server,Portable Workstation | Enterprise 16U server rack,"High Performance Computer,Portable Workstation,Enterprise 16U server rack,online double conversion ",Ministry of Statistics and Programme Implementation,Department of Statistics and Programme Implementation,,7,4,1,2026-09-25 14:21,2026-10-16 15:00,https://bidplus.gem.gov.in/showbidDocument/9826729,2026-09-25
GEM/2026/B/8082989,Server,GPU Server,GPU Server,Department of Space,Department of Space,,1,1,0,2026-09-25 14:18,2026-10-16 15:00,https://bidplus.gem.gov.in/showbidDocument/9946003,2026-09-25
GEM/2026/B/8081528,Desktop,Entry and Mid Level Desktop Computer,Entry and Mid Level Desktop Computer,Ministry of Defence,Department of Military Affairs,,3,1,0,2026-09-25 14:17,2026-10-07 14:00,https://bidplus.gem.gov.in/showbidDocument/9944359,2026-09-25
GEM/2026/B/8066729,All-in-One PC,High End Laptop - Notebook | All in One PC (V2) | Entry and Mid Level Desktop Computer,"High End Laptop - Notebook,All in One PC (V2),Entry and Mid Level Desktop Computer",Ministry of Electronics and Information Technology,Department of Electronics and Information Technology,,86,3,1,2026-09-25 14:16,2026-10-10 15:00,https://bidplus.gem.gov.in/showbidDocument/9927603,2026-09-25
GEM/2026/B/8082029,Desktop,FIXED COMPUTER WORKSTATION,FIXED COMPUTER WORKSTATION,PMO,Department of Atomic Energy,,1,1,0,2026-09-25 14:10,2026-10-16 15:00,https://bidplus.gem.gov.in/showbidDocument/9944933,2026-09-25
GEM/2026/B/8073745,Laptop,Desktop PC | Laptop,"All in One,Desktop PC,Computer,Laptop,MFD Printer,Printer MFD,Monochrome Laser Printer,Printer,UPS,",Ministry of Defence,Department of Military Affairs,,23,9,1,2026-09-25 14:08,2026-10-06 15:00,https://bidplus.gem.gov.in/showbidDocument/9935485,2026-09-25
GEM/2026/B/8042461,Laptop,Mac OS Laptop with M5 Chip,Mac OS Laptop with M5 Chip,Ministry of Defence,Department of Military Affairs,,2,1,0,2026-09-25 14:03,2026-10-05 17:00,https://bidplus.gem.gov.in/showbidDocument/9899848,2026-09-25
GEM/2026/B/7884417,Laptop,High End Laptop - Notebook,High End Laptop - Notebook,Ministry of Defence,Department of Military Affairs,,11,1,0,2026-09-25 14:00,2026-09-26 14:00,https://bidplus.gem.gov.in/showbidDocument/9718057,2026-09-25
GEM/2026/B/7929811,Desktop,High End Desktop Computer,High End Desktop Computer,,Skill Development and Technical Education Department. Odisha,Odisha,300,1,0,2026-09-25 14:00,2026-09-26 14:00,https://bidplus.gem.gov.in/showbidDocument/9770269,2026-09-25
GEM/2026/B/8042665,Desktop,Entry and Mid Level Desktop Computer,Entry and Mid Level Desktop Computer,Ministry of Defence,Department of Military Affairs,,1,1,0,2026-09-25 14:00,2026-09-26 14:00,https://bidplus.gem.gov.in/showbidDocument/9900084,2026-09-25
GEM/2026/B/7652354,Desktop,High End Desktop Computer,High End Desktop Computer,Ministry of Defence,Department of Military Affairs,,18,1,0,2026-09-25 14:00,2026-09-26 14:00,https://bidplus.gem.gov.in/showbidDocument/9454739,2026-09-25
GEM/2026/B/8083460,Desktop,Entry and Mid Level Desktop Computer,"Entry and Mid Level Desktop Computer,A4 and Legal Size Multifunction Printer (MFP)",,Department of Higher Education Madhya Pradesh,Madhya Pradesh,3,2,1,2026-09-25 13:57,2026-10-16 14:00,https://bidplus.gem.gov.in/showbidDocument/9946529,2026-09-28
GEM/2026/B/8083464,Laptop,HIGH END LAPTOP | laptop,"HIGH END LAPTOP,laptop",Ministry of Defence,Department of Military Affairs,,2,2,1,2026-09-25 13:56,2026-10-05 14:00,https://bidplus.gem.gov.in/showbidDocument/9946534,2026-09-25
GEM/2026/B/8083432,Laptop,Entry and Mid Level Laptop - Notebook,"A4 and Legal Size Multifunction Printer (MFP),Entry and Mid Level Laptop - Notebook",,Local Self Government Department Kerala,Kerala,6,2,1,2026-09-25 13:53,2026-10-06 14:00,https://bidplus.gem.gov.in/showbidDocument/9946496,2026-09-25
GEM/2026/B/8080424,Desktop,Entry and Mid Level Desktop Computer,"Entry and Mid Level Desktop Computer,A4 and Legal Size Multifunction Printer (MFP),Line Interactive",,Home and Hill Affairs Department West Bengal,West Bengal,11,3,1,2026-09-25 13:53,2026-10-05 19:00,https://bidplus.gem.gov.in/showbidDocument/9943023,2026-09-28
GEM/2026/B/7991431,Desktop,Controller Workstation,Controller Workstation,Ministry of Defence,Department of Military Affairs,,1,1,0,2026-09-25 13:27,2026-10-16 14:00,https://bidplus.gem.gov.in/showbidDocument/9841086,2026-09-25
GEM/2026/B/8083139,Laptop,Entry and Mid Level Laptop - Notebook,Entry and Mid Level Laptop - Notebook,,Local Self Government Department Kerala,Kerala,1,1,0,2026-09-25 13:18,2026-10-05 14:00,https://bidplus.gem.gov.in/showbidDocument/9946163,2026-09-25
GEM/2026/B/8082495,Desktop,Entry and Mid Level Desktop Computer,Entry and Mid Level Desktop Computer,,Local Self Government Department Kerala,Kerala,2,1,0,2026-09-25 13:16,2026-10-05 14:00,https://bidplus.gem.gov.in/showbidDocument/9945460,2026-09-28
GEM/2026/B/8081671,Desktop,Entry and Mid Level Desktop Computer,"Entry and Mid Level Desktop Computer,Computer Printer (V2)",,Rural Development and Panchayat Raj Department Tamil Nadu,Tamil Nadu,2,2,1,2026-09-25 13:16,2026-10-05 14:00,https://bidplus.gem.gov.in/showbidDocument/9944525,2026-09-28
GEM/2026/B/8026965,Desktop,Entry and Mid Level Desktop Computer,Entry and Mid Level Desktop Computer,Ministry of Consumer Affairs Food and Public Distribution,Department of Food and Public Distribution,,60,1,0,2026-09-25 13:15,2026-10-05 14:00,https://bidplus.gem.gov.in/showbidDocument/9881749,2026-09-28
GEM/2026/B/8080258,Desktop,High End Desktop Computer | High End Desktop Computer,"High End Desktop Computer,High End Desktop Computer,Line Interactive UPS with AVR (V2),Computer Mon",,Water Resources Department Odisha,Odisha,23,4,1,2026-09-25 13:10,2026-10-05 17:00,https://bidplus.gem.gov.in/showbidDocument/9942836,2026-09-28
GEM/2026/B/8083138,Laptop,Entry and Mid Level Laptop - Notebook,Entry and Mid Level Laptop - Notebook,,Local Self Government Department Kerala,Kerala,3,1,0,2026-09-25 13:08,2026-10-05 21:00,https://bidplus.gem.gov.in/showbidDocument/9946162,2026-09-25
GEM/2026/B/8083020,Desktop,Entry and Mid Level Desktop Computer,Entry and Mid Level Desktop Computer,,Forest and Wild Life Department Kerala,Kerala,3,1,0,2026-09-25 13:03,2026-10-05 21:00,https://bidplus.gem.gov.in/showbidDocument/9946041,2026-09-28
GEM/2026/B/8082858,Laptop,Laptops and Peripherals - Desktop PC; Acer,"Annual Maintenance Service - Desktops,  Laptops and Peripherals - Desktop PC; Acer",Ministry of Consumer Affairs Food and Public Distribution,Department of Food and Public Distribution,,123,2,1,2026-09-25 13:02,2026-09-28 14:00,https://bidplus.gem.gov.in/showbidDocument/9945865,2026-09-25
GEM/2026/B/8045907,All-in-One PC,Desktop Computer | All-in-One PC,"Desktop Computer,All-in-One PC,Colour Printer,MFD Small Printer",Ministry of Defence,Department of Military Affairs,,36,4,1,2026-09-25 13:01,2026-10-16 13:00,https://bidplus.gem.gov.in/showbidDocument/9903740,2026-09-28
GEM/2026/B/7639613,Laptop,PROCUREMENT OF LAPTOPS/NOTEBOOK/TABLETS & SIMILAR DEVICES FOR ELIGIBLE OFFICER (PHASE-II) OF HQ CEC,PROCUREMENT OF LAPTOPS/NOTEBOOK/TABLETS & SIMILAR DEVICES FOR ELIGIBLE OFFICER (PHASE-II) OF HQ CEC,Ministry of Defence,Department of Military Affairs,,1,1,0,2026-09-25 13:00,2026-09-26 13:00,https://bidplus.gem.gov.in/showbidDocument/9440711,2026-09-25
GEM/2026/B/7730799,Laptop,High End Laptop - Notebook,High End Laptop - Notebook,Ministry of Defence,Department of Military Affairs,,9,1,0,2026-09-25 13:00,2026-09-28 18:00,https://bidplus.gem.gov.in/showbidDocument/9543091,2026-09-25
GEM/2026/B/7954772,Laptop,Entry and Mid Level Desktop Computer | Entry and Mid Level Laptop - Notebook,"Entry and Mid Level Desktop Computer,Entry and Mid Level Laptop - Notebook,Line Interactive UPS wit",,Technical Education Training and Skill Development Department West Bengal,West Bengal,27,3,1,2026-09-25 13:00,2026-09-26 13:00,https://bidplus.gem.gov.in/showbidDocument/9798768,2026-09-25
GEM/2026/B/8082603,Desktop,Fixed Computer Workstation (V2),Fixed Computer Workstation (V2),,Agriculture Department Tamil Nadu,Tamil Nadu,5,1,0,2026-09-25 12:58,2026-10-06 15:00,https://bidplus.gem.gov.in/showbidDocument/9945585,2026-09-25
GEM/2026/B/8058683,Laptop,Entry and Mid Level Laptop - Notebook,Entry and Mid Level Laptop - Notebook,Ministry of Finance,Department of Financial Services,,20,1,0,2026-09-25 12:54,2026-10-07 13:00,https://bidplus.gem.gov.in/showbidDocument/9918218,2026-09-25
GEM/2026/B/8082885,Desktop,Entry and Mid Level Desktop Computer,Entry and Mid Level Desktop Computer,,Local Self Government Department Kerala,Kerala,2,1,0,2026-09-25 12:51,2026-10-05 13:00,https://bidplus.gem.gov.in/showbidDocument/9945893,2026-09-28
GEM/2026/B/8082716,Desktop,Entry and Mid Level Desktop Computer,"Entry and Mid Level Desktop Computer,A4 and Legal Size Multifunction Printer (MFP),Line Interactive",,Panchayat and Rural Development Department Chhattisgarh,Chhattisgarh,104,3,1,2026-09-25 12:50,2026-10-16 13:00,https://bidplus.gem.gov.in/showbidDocument/9945707,2026-09-28
GEM/2026/B/8082659,Server,Servers (V2),Servers (V2),Ministry of Education,Department of Higher Education,,1,1,0,2026-09-25 12:41,2026-10-05 13:00,https://bidplus.gem.gov.in/showbidDocument/9945646,2026-09-25
GEM/2026/B/8015124,Desktop,ENT Workstation 1 | ENT Workstation 2 | ENT Workstation 3 | ENT Workstation 4 | ENT Workstation 5,"ENT Workstation 1,ENT Workstation 2,ENT Workstation 3,ENT Workstation 4,ENT Workstation 5",Ministry of Health and Family Welfare,Department of Health and Family Welfare,,10,5,1,2026-09-25 12:41,2026-10-16 17:00,https://bidplus.gem.gov.in/showbidDocument/9868287,2026-09-25
GEM/2026/B/8082699,Laptop,High End Laptop - Notebook,High End Laptop - Notebook,Ministry of Housing & Urban Affairs (MoHUA),Central Public Works Department,,1,1,0,2026-09-25 12:27,2026-10-05 13:00,https://bidplus.gem.gov.in/showbidDocument/9945688,2026-09-25
GEM/2026/B/8082583,All-in-One PC,ALL IN ONE PC | LAPTOP C,"SUNMICA SHEET 4 X 4,SUNMICA SHEET 7 X 4,REVOLVING CHAIR,ALL IN ONE PC,SUNMICA SHEET 8 X 10,LAPTOP C",,Vocational Education and Skill Development Department Uttar Pradesh,Uttar Pradesh,271,6,1,2026-09-25 12:20,2026-10-08 13:00,https://bidplus.gem.gov.in/showbidDocument/9945559,2026-09-25
GEM/2026/B/8081010,Desktop,High Performance Professional Workstation Configurated with Dedicated Graphics,High Performance Professional Workstation Configurated with Dedicated Graphics,Ministry of Defence,Department of Military Affairs,,1,1,0,2026-09-25 12:18,2026-10-05 21:00,https://bidplus.gem.gov.in/showbidDocument/9943742,2026-09-25
GEM/2026/B/8082447,Desktop,High End Desktop Computer,High End Desktop Computer,Ministry of Statistics and Programme Implementation,National Sample Survey Office (NSSO),,21,1,0,2026-09-25 12:11,2026-10-06 10:00,https://bidplus.gem.gov.in/showbidDocument/9945409,2026-09-28
GEM/2026/B/8073280,Desktop,Entry and Mid Level Desktop Computer,Entry and Mid Level Desktop Computer,Ministry of Railways,Indian Railways,,25,1,0,2026-09-25 12:11,2026-10-05 13:00,https://bidplus.gem.gov.in/showbidDocument/9934950,2026-09-28
GEM/2026/B/8082163,Laptop,Laptops and Peripherals - Desktop PC; hp,"Annual Maintenance Service - Desktops,  Laptops and Peripherals - Desktop PC; hp,Annual Maintenance",Ministry of Labour and Employment,NA,,65,3,1,2026-09-25 12:04,2026-10-05 13:00,https://bidplus.gem.gov.in/showbidDocument/9945084,2026-09-25
GEM/2026/B/8060780,Desktop,Entry and Mid Level Desktop Computer,Entry and Mid Level Desktop Computer,Ministry of Defence,Department of Military Affairs,,2,1,0,2026-09-25 12:04,2026-10-05 14:00,https://bidplus.gem.gov.in/showbidDocument/9920573,2026-09-28
GEM/2026/B/8082329,Server,Server or Network Rack (V2),Server or Network Rack (V2),,INDUSTRIAL TRAINING INSTITUTE,,5,1,0,2026-09-25 11:52,2026-10-08 11:00,https://bidplus.gem.gov.in/showbidDocument/9945273,2026-09-25
GEM/2026/B/7955121,Server,Servers (V2),Servers (V2),Department of Space,Department of Space,,24,1,0,2026-09-25 11:45,2026-10-16 15:00,https://bidplus.gem.gov.in/showbidDocument/9799187,2026-09-25
GEM/2026/B/8028478,Laptop,High End Laptop - Notebook,High End Laptop - Notebook,,Excise Department Kerala,Kerala,3,1,0,2026-09-25 11:44,2026-10-05 12:00,https://bidplus.gem.gov.in/showbidDocument/9883456,2026-09-25
GEM/2026/B/8004589,Desktop,High End Desktop Computer,High End Desktop Computer,Ministry of Defence,Department of Military Affairs,,9,1,0,2026-09-25 11:44,2026-10-10 12:00,https://bidplus.gem.gov.in/showbidDocument/9856261,2026-09-25
GEM/2026/B/8079436,All-in-One PC,All in One PC (V2),All in One PC (V2),Ministry of Science and Technology,Department of Scientific and Industrial Research (DSIR),,15,1,0,2026-09-25 11:44,2026-10-13 12:00,https://bidplus.gem.gov.in/showbidDocument/9941901,2026-09-25
GEM/2026/B/8081599,Desktop,Fixed Computer Workstation (V2),Fixed Computer Workstation (V2),Ministry of Agriculture and Farmers Welfare,Department of Agricultural Research and Education (DARE),,1,1,0,2026-09-25 11:41,2026-10-16 12:00,https://bidplus.gem.gov.in/showbidDocument/9944441,2026-09-25
GEM/2026/B/8020432,Desktop,High End Desktop Computer,High End Desktop Computer,Ministry of Communications,Department of Telecommunications (DOT),,46,1,0,2026-09-25 11:34,2026-10-16 12:00,https://bidplus.gem.gov.in/showbidDocument/9874281,2026-09-25
GEM/2026/B/7986550,Laptop,Laptop Intel Core Ultra 5 155h (12 core | Laptop U7-14,"Laptop Intel Core Ultra 5 155h (12 core, 14 threads, up to 4.8 GHz Turbo, 12 TOPS NPU),Laptop U7-14",Ministry of Defence,Department of Military Affairs,,10,5,1,2026-09-25 11:28,2026-10-05 12:00,https://bidplus.gem.gov.in/showbidDocument/9835622,2026-09-25
GEM/2026/B/8037858,Laptop,High End Laptop - Notebook,High End Laptop - Notebook,Ministry of Commerce and Industry,Department of Commerce,,2,1,0,2026-09-25 11:28,2026-10-16 14:00,https://bidplus.gem.gov.in/showbidDocument/9894530,2026-09-25
GEM/2026/B/8069362,Server,Server or Network Rack (V2),Server or Network Rack (V2),Ministry of Defence,Department of Military Affairs,,1,1,0,2026-09-25 11:22,2026-10-26 11:00,https://bidplus.gem.gov.in/showbidDocument/9930546,2026-09-25
GEM/2026/B/8080067,Desktop,Entry and Mid Level Desktop Computer,Entry and Mid Level Desktop Computer,,Local Self Government Department Kerala,Kerala,1,1,0,2026-09-25 11:17,2026-10-05 18:00,https://bidplus.gem.gov.in/showbidDocument/9942607,2026-09-25
GEM/2026/B/8014816,All-in-One PC,All in One PC (V2),All in One PC (V2),Ministry of Labour and Employment,Employees State Insuarnce Corporation,,19,1,0,2026-09-25 11:16,2026-10-16 12:00,https://bidplus.gem.gov.in/showbidDocument/9867942,2026-09-25
GEM/2026/B/8067824,Laptop,Laptop,Laptop,Ministry of Defence,Department of Military Affairs,,2,1,0,2026-09-25 11:14,2026-10-05 12:00,https://bidplus.gem.gov.in/showbidDocument/9928809,2026-09-25
GEM/2026/B/8081906,Laptop,CONVERTIBLE 2 IN 1 LAPTOP ULTRA 7/ ULTR,"SMARTPHONE WITH QUALCOMM SNAPDRAGON 8 ELITE PROCESSOR GEN 5,CONVERTIBLE 2 IN 1 LAPTOP ULTRA 7/ ULTR",Ministry of Defence,Department of Military Affairs,,2,2,1,2026-09-25 11:13,2026-10-26 12:00,https://bidplus.gem.gov.in/showbidDocument/9944783,2026-09-25
GEM/2026/B/8027013,Desktop,High End Desktop Computer,"Scanner (V3),Network Attached Storage (V2),High End Desktop Computer",Ministry of Defence,Department of Military Affairs,,3,3,1,2026-09-25 11:02,2026-10-05 11:00,https://bidplus.gem.gov.in/showbidDocument/9881801,2026-09-25
GEM/2026/B/8076885,Desktop,HIGH END WORKSTATION | HIGH END WORKSTATION,"HIGH END WORKSTATION,HIGH END WORKSTATION",Ministry of Science and Technology,Department of Scientific and Industrial Research (DSIR),,2,2,1,2026-09-25 11:01,2026-10-16 12:00,https://bidplus.gem.gov.in/showbidDocument/9939025,2026-09-25
GEM/2026/B/8081133,Server,High End Desktop Computer | Servers (V2),"High End Desktop Computer,Servers (V2)",,Electronics and Information Technology Department Odisha,Odisha,31,2,1,2026-09-25 10:58,2026-10-09 14:00,https://bidplus.gem.gov.in/showbidDocument/9943881,2026-09-25
GEM/2026/B/8080587,All-in-One PC,All in One PC (V2),All in One PC (V2),Ministry of Defence,Department of Military Affairs,,2,1,0,2026-09-25 10:58,2026-10-10 11:00,https://bidplus.gem.gov.in/showbidDocument/9943216,2026-09-25
GEM/2026/B/8079994,Laptop,Laptops and Peripherals - Desktop PC; hp,"Annual Maintenance Service - Desktops,  Laptops and Peripherals - Desktop PC; hp,Annual Maintenance",,Commercial Taxes Department Puducherry,Puducherry,106,3,1,2026-09-25 10:17,2026-10-10 11:00,https://bidplus.gem.gov.in/showbidDocument/9942518,2026-09-25
GEM/2026/B/8064044,Desktop,Entry and Mid Level Desktop Computer,Entry and Mid Level Desktop Computer,Ministry of Finance,Department of Revenue,,9,1,0,2026-09-25 10:14,2026-10-09 11:00,https://bidplus.gem.gov.in/showbidDocument/9924484,2026-09-25
GEM/2026/B/8081520,Desktop,Desktop Computer Intel Core i7,"Desktop Computer Intel Core i7, 14 Gen, RAM 16 GB, Storage 1 TB NVMe SSD",Ministry of Defence,Department of Military Affairs,,3,4,1,2026-09-25 10:13,2026-10-05 11:00,https://bidplus.gem.gov.in/showbidDocument/9944349,2026-09-25
GEM/2026/B/7872112,Laptop,Rugged Notebook - Laptop,Rugged Notebook - Laptop,Ministry of Defence,Department of Military Affairs,,10,1,0,2026-09-25 10:12,2026-10-16 11:00,https://bidplus.gem.gov.in/showbidDocument/9704197,2026-09-25
GEM/2026/B/7671615,Desktop,Procurement of high end workstation,Procurement of high end workstation,PMO,NA,,1,1,0,2026-09-25 10:00,2026-09-28 10:00,https://bidplus.gem.gov.in/showbidDocument/9476468,2026-09-25
GEM/2026/B/8081433,Desktop,Desktop Computer Processor Intel Core Ultra 9,Desktop Computer Processor Intel Core Ultra 9,Ministry of Defence,Department of Military Affairs,,1,1,0,2026-09-25 09:58,2026-10-05 10:00,https://bidplus.gem.gov.in/showbidDocument/9944234,2026-09-25
GEM/2026/B/8080128,Laptop,Laptop,"Laptop,Notebook,Tablet,Mobile",Ministry of Defence,Department of Military Affairs,,193,4,1,2026-09-25 09:46,2026-10-05 18:00,https://bidplus.gem.gov.in/showbidDocument/9942677,2026-09-25
GEM/2026/B/8080413,Desktop,DESKTOP COMPUTER,DESKTOP COMPUTER,Ministry of Defence,Department of Military Affairs,,3,1,0,2026-09-25 09:28,2026-10-05 18:00,https://bidplus.gem.gov.in/showbidDocument/9943012,2026-09-25
GEM/2026/B/7922396,Laptop,Laptops and Peripherals - Personnel Computers,"Annual Maintenance Service - Desktops,  Laptops and Peripherals - Personnel Computers, Printers, UP",Ministry of Defence,Department of Military Affairs,,94,4,1,2026-09-25 09:00,2026-09-26 09:00,https://bidplus.gem.gov.in/showbidDocument/9761461,2026-09-25
GEM/2026/B/8081122,Desktop,Entry and Mid Level Desktop Computer,"Entry and Mid Level Desktop Computer,Line Interactive UPS with AVR (V2)",,Technical Education Training and Skill Development Department West Bengal,West Bengal,40,2,1,2026-09-24 22:21,2026-10-05 19:00,https://bidplus.gem.gov.in/showbidDocument/9943870,2026-09-28
GEM/2026/B/8079106,Desktop,Entry and Mid Level Desktop Computer,"Entry and Mid Level Desktop Computer,A4 and Legal Size Multifunction Printer (MFP),L 1 Fingerprint ",,Co-operation Food and Consumer Protection Department Tamil Nadu,Tamil Nadu,108,3,1,2026-09-24 22:09,2026-10-24 17:00,https://bidplus.gem.gov.in/showbidDocument/9941542,2026-09-25
GEM/2026/B/8046733,Desktop,Entry and Mid Level Desktop Computer,Entry and Mid Level Desktop Computer,,Higher Education Department Kerala,Kerala,3,1,0,2026-09-24 21:13,2026-10-05 15:00,https://bidplus.gem.gov.in/showbidDocument/9904677,2026-09-25
GEM/2026/B/8032357,Desktop,HIGH END DESKTOP PC,"HIGH END DESKTOP PC,HIGH SPEED OCR BASED SCANNER,NAS DEVICE",Ministry of Defence,Department of Military Affairs,,3,3,1,2026-09-24 20:22,2026-10-05 21:00,https://bidplus.gem.gov.in/showbidDocument/9887955,2026-09-25
GEM/2026/B/8080950,Laptop,Touch Screen Laptop | Laptop,"Touch Screen Laptop,Laptop",Ministry of Defence,Department of Military Affairs,,2,2,1,2026-09-24 20:18,2026-10-05 21:00,https://bidplus.gem.gov.in/showbidDocument/9943659,2026-09-25
GEM/2026/B/8080956,Desktop,Entry and Mid Level Desktop Computer,Entry and Mid Level Desktop Computer,,Revenue Department Uttar Pradesh,Uttar Pradesh,3,1,0,2026-09-24 20:15,2026-10-05 21:00,https://bidplus.gem.gov.in/showbidDocument/9943668,2026-09-25
GEM/2026/B/8077884,Desktop,Entry and Mid Level Desktop Computer,"Entry and Mid Level Desktop Computer,Line Interactive UPS with AVR (V2)",,Personnel and Administrative Reforms Department West Bengal,West Bengal,30,2,1,2026-09-24 20:14,2026-10-05 13:00,https://bidplus.gem.gov.in/showbidDocument/9940154,2026-09-28
GEM/2026/B/7982381,Laptop,Laptop Intel core i7 Ultra/AMD Ryzen Ai 7 ( Upto 5.0 Ghz 8 Cores and 16 threads) 24 GB DDR5 RAM,Laptop Intel core i7 Ultra/AMD Ryzen Ai 7 ( Upto 5.0 Ghz 8 Cores and 16 threads) 24 GB DDR5 RAM,Ministry of Defence,Department of Military Affairs,,2,1,0,2026-09-24 19:46,2026-10-09 20:00,https://bidplus.gem.gov.in/showbidDocument/9830958,2026-09-25
GEM/2026/B/8080865,Laptop,Entry and Mid Level Laptop - Notebook,"Entry and Mid Level Laptop - Notebook,Antivirus Software",,General Administration (SA),,60,2,1,2026-09-24 19:37,2026-10-05 20:00,https://bidplus.gem.gov.in/showbidDocument/9943543,2026-09-25
GEM/2026/B/8080853,Desktop,Entry and Mid Level Desktop Computer,"Entry and Mid Level Desktop Computer,Computer Printer (V2)",,Higher Education Department Chhattisgarh,Chhattisgarh,3,2,1,2026-09-24 19:27,2026-10-05 20:00,https://bidplus.gem.gov.in/showbidDocument/9943529,2026-09-25
GEM/2026/B/8028474,Desktop,Entry and Mid Level Desktop Computer,"Entry and Mid Level Desktop Computer,Computer Printer (V2),A4 and Legal Size Multifunction Printer ",Ministry of Defence,Department of Military Affairs,,43,3,1,2026-09-24 19:17,2026-10-15 16:00,https://bidplus.gem.gov.in/showbidDocument/9883451,2026-09-25
GEM/2026/B/8052469,Desktop,DESKTOP PCs,DESKTOP PCs,Ministry of Defence,Department of Military Affairs,,6,1,0,2026-09-24 19:15,2026-10-05 11:00,https://bidplus.gem.gov.in/showbidDocument/9911128,2026-09-25
GEM/2026/B/8061184,All-in-One PC,Laptops and Peripherals - All In One PC; hp,"Annual Maintenance Service - Desktops,  Laptops and Peripherals - All In One PC; hp,Annual Maintena",Comptroller and Auditor General (CAG) of India,NA,,1139,3,1,2026-09-24 18:46,2026-10-05 19:00,https://bidplus.gem.gov.in/showbidDocument/9921152,2026-09-28
GEM/2026/B/8080575,Desktop,High End Desktop Computer,High End Desktop Computer,Ministry of Mines,NA,,2,1,0,2026-09-24 18:41,2026-10-05 19:00,https://bidplus.gem.gov.in/showbidDocument/9943203,2026-09-25
GEM/2026/B/8080353,Desktop,Entry and Mid Level Desktop Computer,"Entry and Mid Level Desktop Computer,Line Interactive UPS with AVR (V2)",,Rural Development and Panchayat Raj Department Tamil Nadu,Tamil Nadu,40,2,1,2026-09-24 18:35,2026-10-05 18:00,https://bidplus.gem.gov.in/showbidDocument/9942940,2026-09-28
GEM/2026/B/7981967,Desktop,High End Desktop Computer,"High End Desktop Computer,A4 and Legal Size Multifunction Printer (MFP)",Ministry of Defence,Department of Military Affairs,,9,2,1,2026-09-24 18:29,2026-10-03 13:00,https://bidplus.gem.gov.in/showbidDocument/9830483,2026-09-25
GEM/2026/B/8077451,Laptop,Laptops and Peripherals - Desktop PC; Acer,"Annual Maintenance Service - Desktops,  Laptops and Peripherals - Desktop PC; Acer",Ministry of Information and Broadcasting,Ministry of Information and Broadcasting,,161,2,1,2026-09-24 18:26,2026-10-09 13:00,https://bidplus.gem.gov.in/showbidDocument/9939666,2026-09-28
GEM/2026/B/8024261,Laptop,Laptops and Peripherals - As per ATc; As per ATC,"Annual Maintenance Service - Desktops,  Laptops and Peripherals - As per ATc; As per ATC",PMO,Department of Atomic Energy,,1,2,1,2026-09-24 18:15,2026-10-15 19:00,https://bidplus.gem.gov.in/showbidDocument/9878646,2026-09-28
GEM/2026/B/7914829,All-in-One PC,Laptops and Peripherals - All In One PC; hp,"Annual Maintenance Service - Desktops,  Laptops and Peripherals - All In One PC; hp,Annual Maintena",,Labour and Employment Department Gujarat,Gujarat,64,3,1,2026-09-24 18:11,2026-10-15 19:00,https://bidplus.gem.gov.in/showbidDocument/9752835,2026-09-28
GEM/2026/B/8079291,Server,Servers (V2),Servers (V2),Ministry of Defence,Department of Military Affairs,,1,1,0,2026-09-24 18:08,2026-10-05 19:00,https://bidplus.gem.gov.in/showbidDocument/9941748,2026-09-25
GEM/2026/B/8080149,Server,Server Without Graphic Card | Server With Gra,"Network Rack With Accessories,Load Balancer,Core Switch,Server Without Graphic Card,Server With Gra",Ministry of Defence,Department of Military Affairs,,30,5,1,2026-09-24 17:57,2026-10-05 18:00,https://bidplus.gem.gov.in/showbidDocument/9942704,2026-09-25
GEM/2026/B/8080384,Laptop,Entry and Mid Level Desktop Computer | Entry and Mid Level Laptop - Notebook,"Entry and Mid Level Desktop Computer,Entry and Mid Level Laptop - Notebook,A4 and Legal Size Multif",,Animal Husbandry Department Kerala,Kerala,7,3,1,2026-09-24 17:52,2026-10-05 21:00,https://bidplus.gem.gov.in/showbidDocument/9942976,2026-09-25
GEM/2026/B/8079828,Desktop,High End Desktop Computer,High End Desktop Computer,Ministry of Finance,Department of Financial Services,,30,1,0,2026-09-24 17:52,2026-10-24 18:00,https://bidplus.gem.gov.in/showbidDocument/9942330,2026-09-25
GEM/2026/B/8078224,Laptop,Laptops and Peripherals - Desktop PC; Dell,"Annual Maintenance Service - Desktops,  Laptops and Peripherals - Desktop PC; Dell",Ministry of Finance,Department of Financial Services,,179,2,1,2026-09-24 17:51,2026-09-29 18:00,https://bidplus.gem.gov.in/showbidDocument/9940532,2026-09-28
GEM/2026/B/8080330,Laptop,High End Laptop - Notebook,High End Laptop - Notebook,,Personnel and Administrative Reforms Department West Bengal,West Bengal,3,1,0,2026-09-24 17:41,2026-10-05 18:00,https://bidplus.gem.gov.in/showbidDocument/9942912,2026-09-25
GEM/2026/B/8064525,Laptop,High End Laptop - Notebook,High End Laptop - Notebook,Ministry of Health and Family Welfare,Department of Health Research,,1,1,0,2026-09-24 17:40,2026-10-12 18:00,https://bidplus.gem.gov.in/showbidDocument/9925036,2026-09-25
GEM/2026/B/8080284,All-in-One PC,High Processor AIO Desktop Computer,High Processor AIO Desktop Computer,Ministry of Finance,Department of Financial Services,,6,1,0,2026-09-24 17:39,2026-10-05 18:00,https://bidplus.gem.gov.in/showbidDocument/9942866,2026-09-25
GEM/2026/B/8064604,Server,Servers (V2),Servers (V2),Ministry of Health and Family Welfare,Department of Health Research,,1,1,0,2026-09-24 17:33,2026-10-12 18:00,https://bidplus.gem.gov.in/showbidDocument/9925133,2026-09-25
GEM/2026/B/8079907,Server,Servers (V2),Servers (V2),Ministry of Electronics and Information Technology,Department of Electronics and Information Technology,,1,1,0,2026-09-24 17:19,2026-10-05 17:00,https://bidplus.gem.gov.in/showbidDocument/9942417,2026-09-25
GEM/2026/B/8079767,Desktop,Entry and Mid Level Desktop Computer,Entry and Mid Level Desktop Computer,Ministry of Communications,Department of Posts,,34,1,0,2026-09-24 17:03,2026-10-05 18:00,https://bidplus.gem.gov.in/showbidDocument/9942267,2026-09-25
GEM/2026/B/7682699,Laptop,Laptop for Key Management System (Key mang,"RFID based“ Key Management System (Key manger cabinet),Laptop for Key Management System (Key mang",PMO,Department of Atomic Energy,,119,2,1,2026-09-24 17:00,2026-09-28 19:00,https://bidplus.gem.gov.in/showbidDocument/9488707,2026-09-28
GEM/2026/B/7926136,Laptop,High End Laptop - Notebook,High End Laptop - Notebook,Ministry of Defence,Department of Defence Production,,5,1,0,2026-09-24 17:00,2026-09-28 19:00,https://bidplus.gem.gov.in/showbidDocument/9766028,2026-09-28
GEM/2026/B/7656014,Desktop,Fixed Computer Workstation,Fixed Computer Workstation,PMO,Department of Atomic Energy,,1,1,0,2026-09-24 17:00,2026-09-28 19:00,https://bidplus.gem.gov.in/showbidDocument/9458816,2026-09-28
GEM/2026/B/8079643,Laptop,High End Laptop - Notebook,High End Laptop - Notebook,Ministry of Textiles,Office of the Development Commissioner Handicrafts,,1,1,0,2026-09-24 16:59,2026-09-29 17:00,https://bidplus.gem.gov.in/showbidDocument/9942130,2026-09-25
GEM/2026/B/8078701,Laptop,Entry and Mid Level Laptop - Notebook,Entry and Mid Level Laptop - Notebook,,Local Self Government Department Kerala,Kerala,1,1,0,2026-09-24 16:48,2026-10-05 15:00,https://bidplus.gem.gov.in/showbidDocument/9941091,2026-09-25
GEM/2026/B/8079678,Desktop,Entry and Mid Level Desktop Computer | Entry and Mid Level Desktop Computer,"Entry and Mid Level Desktop Computer,Entry and Mid Level Desktop Computer,A4 and Legal Size Multifu",Ministry of Law and Justice,Department of Legal Affairs,,12,3,1,2026-09-24 16:48,2026-10-05 17:00,https://bidplus.gem.gov.in/showbidDocument/9942170,2026-09-25
GEM/2026/B/8076114,Desktop,Entry and Mid Level Desktop Computer,Entry and Mid Level Desktop Computer,Ministry of Education,Department of Higher Education,,12,1,0,2026-09-24 16:40,2026-10-05 17:00,https://bidplus.gem.gov.in/showbidDocument/9938117,2026-09-28
GEM/2026/B/7955372,Desktop,Customized Wireless EEG System 32 Channels with Active Electrodes and Suitable Desktop,Customized Wireless EEG System 32 Channels with Active Electrodes and Suitable Desktop,Ministry of Education,Department of Higher Education,,1,1,0,2026-09-24 16:39,2026-10-15 17:00,https://bidplus.gem.gov.in/showbidDocument/9799485,2026-09-28
GEM/2026/B/8079447,Desktop,Entry and Mid Level Desktop Computer,"Entry and Mid Level Desktop Computer,A4 and Legal Size Multifunction Printer (MFP)",,Local Self Government Department Kerala,Kerala,2,2,1,2026-09-24 16:36,2026-10-05 17:00,https://bidplus.gem.gov.in/showbidDocument/9941912,2026-09-28
GEM/2026/B/8059747,Desktop,Entry and Mid Level Desktop Computer,Entry and Mid Level Desktop Computer,Ministry of Home Affairs,Central Armed Police Forces,,108,1,0,2026-09-24 16:36,2026-10-13 17:00,https://bidplus.gem.gov.in/showbidDocument/9919386,2026-09-28
GEM/2026/B/8079508,Laptop,High End Laptop - Notebook,High End Laptop - Notebook,Ministry of Railways,Indian Railways,,1,1,0,2026-09-24 16:21,2026-10-05 11:00,https://bidplus.gem.gov.in/showbidDocument/9941978,2026-09-25
GEM/2026/B/8079530,Desktop,Entry and Mid Level Desktop Computer,Entry and Mid Level Desktop Computer,,Local Self Government Department Kerala,Kerala,3,1,0,2026-09-24 16:14,2026-10-05 17:00,https://bidplus.gem.gov.in/showbidDocument/9942005,2026-09-28
GEM/2026/B/8079268,Laptop,Entry and Mid Level Laptop - Notebook,Entry and Mid Level Laptop - Notebook,,Power (Electricity) Department Kerala,Kerala,1,1,0,2026-09-24 16:12,2026-10-05 16:00,https://bidplus.gem.gov.in/showbidDocument/9941721,2026-09-25
GEM/2026/B/8079069,Laptop,High End Laptop - Notebook,High End Laptop - Notebook,Ministry of Social Justice and Empowerment,Department of Empowerment of Persons with Disabilities,,2,1,0,2026-09-24 16:11,2026-10-15 17:00,https://bidplus.gem.gov.in/showbidDocument/9941502,2026-09-25
GEM/2026/B/8079311,Server,Servers (V2),"Servers (V2),Network Attached Storage (V2),Firewall (V4)",Ministry of Defence,Department of Military Affairs,,3,3,1,2026-09-24 16:06,2026-10-03 11:00,https://bidplus.gem.gov.in/showbidDocument/9941769,2026-09-25
GEM/2026/B/8079085,Desktop,Entry and Mid Level Desktop Computer | High End Desktop Computer,"Entry and Mid Level Desktop Computer,High End Desktop Computer,A4 and Legal Size Multifunction Prin",Ministry of Agriculture and Farmers Welfare,Department of Agriculture and Farmers Welfare,,29,3,1,2026-09-24 16:05,2026-10-22 16:00,https://bidplus.gem.gov.in/showbidDocument/9941518,2026-09-28
GEM/2026/B/8077252,Desktop,Entry and Mid Level Desktop Computer,Entry and Mid Level Desktop Computer,Ministry of Finance,Department of Financial Services,,97,1,0,2026-09-24 16:05,2026-09-30 18:00,https://bidplus.gem.gov.in/showbidDocument/9939447,2026-09-28
GEM/2026/B/7686318,Server,HIGH END SERVER WITH SERVER RACK,HIGH END SERVER WITH SERVER RACK,Ministry of Defence,Department of Military Affairs,,2,1,0,2026-09-24 16:00,2026-09-28 11:00,https://bidplus.gem.gov.in/showbidDocument/9492760,2026-09-25
GEM/2026/B/7829990,Laptop,Laptops and Peripherals - Desktop PC; RDP,"Annual Maintenance Service - Desktops,  Laptops and Peripherals - Desktop PC; RDP",Ministry of Electronics and Information Technology,Department of Electronics and Information Technology,,400,2,1,2026-09-24 16:00,2026-09-28 19:00,https://bidplus.gem.gov.in/showbidDocument/9655809,2026-09-28
GEM/2026/B/8078466,Desktop,Entry and Mid Level Desktop Computer,"Entry and Mid Level Desktop Computer,A4 and Legal Size Multifunction Printer (MFP),Antivirus Softwa",,Rural Development and Panchayat Raj Department Tamil Nadu,Tamil Nadu,5,3,1,2026-09-24 15:57,2026-10-05 15:00,https://bidplus.gem.gov.in/showbidDocument/9940814,2026-09-28
GEM/2026/B/8079180,Desktop,Entry and Mid Level Desktop Computer | Entry and Mid Level Desktop Computer,"Entry and Mid Level Desktop Computer,Entry and Mid Level Desktop Computer,Video Conferencing Camera",Ministry of Housing & Urban Affairs (MoHUA),Central Public Works Department,,4,3,1,2026-09-24 15:53,2026-09-28 16:00,https://bidplus.gem.gov.in/showbidDocument/9941620,2026-09-28
GEM/2026/B/8072979,Desktop,Entry and Mid Level Desktop Computer,Entry and Mid Level Desktop Computer,Ministry of Railways,Indian Railways,,10,1,0,2026-09-24 15:43,2026-10-05 10:00,https://bidplus.gem.gov.in/showbidDocument/9934608,2026-09-28
GEM/2026/B/8079008,Laptop,High End Laptop - Notebook,High End Laptop - Notebook,,Andhra Pradesh State Financial Corporation (APSFC),Andhra Pradesh,3,1,0,2026-09-24 15:42,2026-10-05 16:00,https://bidplus.gem.gov.in/showbidDocument/9941438,2026-09-25
GEM/2026/B/8078893,Laptop,Entry and Mid Level Laptop - Notebook,Entry and Mid Level Laptop - Notebook,,Local Self Government Department Kerala,Kerala,1,1,0,2026-09-24 15:39,2026-10-05 16:00,https://bidplus.gem.gov.in/showbidDocument/9941305,2026-09-25
GEM/2026/B/8049976,Desktop,High End Desktop Computer | High End Desktop Computer,"High End Desktop Computer,High End Desktop Computer",Ministry of Education,Department of Higher Education,,12,2,1,2026-09-24 15:39,2026-10-15 16:00,https://bidplus.gem.gov.in/showbidDocument/9908275,2026-09-28
GEM/2026/B/8074251,Desktop,Entry and Mid Level Desktop Computer,Entry and Mid Level Desktop Computer,Ministry of Home Affairs,Women Safety Division,,6,1,0,2026-09-24 15:39,2026-10-14 16:00,https://bidplus.gem.gov.in/showbidDocument/9936036,2026-09-28
GEM/2026/B/8076912,Laptop,Laptops and Peripherals - Desktop PC; hp,"Annual Maintenance Service - Desktops,  Laptops and Peripherals - Desktop PC; hp",Ministry of Skill Development and Entrepreneurship,Directorate General of Training,,134,2,1,2026-09-24 15:38,2026-10-05 16:00,https://bidplus.gem.gov.in/showbidDocument/9939054,2026-09-28
GEM/2026/B/8078645,Laptop,Entry and Mid Level Laptop - Notebook,Entry and Mid Level Laptop - Notebook,,Revenue Department Kerala,Kerala,20,1,0,2026-09-24 15:34,2026-10-05 16:00,https://bidplus.gem.gov.in/showbidDocument/9941027,2026-09-25
GEM/2026/B/8079046,Laptop,High End Laptop - Notebook,"A4 and Legal Size Multifunction Printer (MFP),High End Laptop - Notebook",Ministry of Railways,Indian Railways,,2,2,1,2026-09-24 15:34,2026-10-05 11:00,https://bidplus.gem.gov.in/showbidDocument/9941478,2026-09-25
GEM/2026/B/8077834,Desktop,Entry and Mid Level Desktop Computer,"Entry and Mid Level Desktop Computer,A4 and Legal Size Multifunction Printer (MFP),A3 Size Multifun",,Finance Department Madhya Pradesh,Madhya Pradesh,331,3,1,2026-09-24 15:34,2026-10-15 16:00,https://bidplus.gem.gov.in/showbidDocument/9940103,2026-09-28
GEM/2026/B/8035617,All-in-One PC,All in One PC (V2) | High End Laptop - Notebook,"All in One PC (V2),High End Laptop - Notebook",Ministry of Home Affairs,"Department of Jammu, Kashmir and Ladakh Affairs",Jammu & Kashmir,16,2,1,2026-09-24 15:28,2026-10-05 16:00,https://bidplus.gem.gov.in/showbidDocument/9891887,2026-09-25
GEM/2026/B/8078909,Laptop,high hand laptop,high hand laptop,Ministry of Defence,Department of Military Affairs,,1,1,0,2026-09-24 15:28,2026-10-05 16:00,https://bidplus.gem.gov.in/showbidDocument/9941325,2026-09-25
GEM/2026/B/8078944,Desktop,Entry and Mid Level Desktop Computer,Entry and Mid Level Desktop Computer,,Local Self Government Department Kerala,Kerala,1,1,0,2026-09-24 15:25,2026-10-05 16:00,https://bidplus.gem.gov.in/showbidDocument/9941364,2026-09-28
GEM/2026/B/8078400,Desktop,Entry and Mid Level Desktop Computer,"Entry and Mid Level Desktop Computer,Antivirus Software,Line Interactive UPS with AVR (V2)",,Rural Development and Panchayat Raj Department Tamil Nadu,Tamil Nadu,60,3,1,2026-09-24 15:20,2026-10-05 16:00,https://bidplus.gem.gov.in/showbidDocument/9940734,2026-09-28
GEM/2026/B/8078934,Desktop,Entry and Mid Level Desktop Computer,Entry and Mid Level Desktop Computer,,Personnel and Administrative Reforms Department West Bengal,West Bengal,2,1,0,2026-09-24 15:16,2026-10-05 16:00,https://bidplus.gem.gov.in/showbidDocument/9941354,2026-09-28
GEM/2026/B/8038606,Laptop,High End Laptop - Notebook,High End Laptop - Notebook,Ministry of Communications,Department of Posts,,11,1,0,2026-09-24 15:10,2026-10-05 16:00,https://bidplus.gem.gov.in/showbidDocument/9895397,2026-09-25
GEM/2026/B/8041009,Server,Servers (V2),Servers (V2),Ministry of Defence,Department of Military Affairs,,1,1,0,2026-09-24 15:08,2026-10-16 10:00,https://bidplus.gem.gov.in/showbidDocument/9898158,2026-09-25
GEM/2026/B/8033892,Laptop,LAPTOP WINDOWS OS,LAPTOP WINDOWS OS,Ministry of Defence,Department of Military Affairs,,2,1,0,2026-09-24 15:08,2026-10-05 16:00,https://bidplus.gem.gov.in/showbidDocument/9889844,2026-09-25
GEM/2026/B/8039354,Laptop,High End Laptop - Notebook,"High End Laptop - Notebook,A4 and Legal Size Multifunction Printer (MFP),A4 and Legal Size Multifun",Ministry of Education,Department of School Education and Literacy,,4,3,1,2026-09-24 15:07,2026-10-05 15:00,https://bidplus.gem.gov.in/showbidDocument/9896237,2026-09-25
GEM/2026/B/8078639,Desktop,High End Desktop Computer,High End Desktop Computer,Ministry of Defence,Department of Defence,,32,1,0,2026-09-24 15:06,2026-10-05 15:00,https://bidplus.gem.gov.in/showbidDocument/9941021,2026-09-28
GEM/2026/B/8073084,Laptop,High End Desktop Computer | High End Laptop - Notebook,"High End Desktop Computer,High End Laptop - Notebook,A4 and Legal Size Multifunction Printer (MFP)",Ministry of Education,Department of School Education and Literacy,,5,3,1,2026-09-24 15:05,2026-10-05 15:00,https://bidplus.gem.gov.in/showbidDocument/9934730,2026-09-25
GEM/2026/B/8078745,Laptop,Laptop intel core 7 150U 16GB 1TB SSD 2K CONVERTABLE WINDOWS 11 OFFICE 24 | Laptop 13” MS Pro 24,"Laptop intel core 7 150U 16GB 1TB SSD 2K CONVERTABLE WINDOWS 11 OFFICE 24,Laptop 13” MS Pro 24, W",Ministry of Defence,Department of Military Affairs,,3,3,1,2026-09-24 15:01,2026-10-05 15:00,https://bidplus.gem.gov.in/showbidDocument/9941140,2026-09-25
GEM/2026/B/7961874,Server,Servers (V2),Servers (V2),,Higher Education Department Delhi,Delhi,1,1,0,2026-09-24 15:00,2026-09-26 15:00,https://bidplus.gem.gov.in/showbidDocument/9806965,2026-09-25
GEM/2026/B/7908904,Desktop,High End Desktop Computer,High End Desktop Computer,Ministry of Defence,Department of Military Affairs,,25,1,0,2026-09-24 15:00,2026-09-28 19:00,https://bidplus.gem.gov.in/showbidDocument/9746137,2026-09-28
GEM/2026/B/8078278,Desktop,Entry and Mid Level Desktop Computer,Entry and Mid Level Desktop Computer,,Personnel and Administrative Reforms Department West Bengal,West Bengal,2,1,0,2026-09-24 14:58,2026-10-05 14:00,https://bidplus.gem.gov.in/showbidDocument/9940596,2026-09-28
GEM/2026/B/8034840,Desktop,Entry and Mid Level Desktop Computer,Entry and Mid Level Desktop Computer,Ministry of Defence,Department of Defence Production,,7,1,0,2026-09-24 14:55,2026-10-05 15:00,https://bidplus.gem.gov.in/showbidDocument/9890978,2026-09-28
GEM/2026/B/8078749,Laptop,Entry and Mid Level Laptop - Notebook,Entry and Mid Level Laptop - Notebook,Ministry of Railways,Indian Railways,,1,1,0,2026-09-24 14:51,2026-10-05 11:00,https://bidplus.gem.gov.in/showbidDocument/9941146,2026-09-25
GEM/2026/B/8060904,Desktop,High End Desktop Computer,High End Desktop Computer,Ministry of Defence,Department of Military Affairs,,21,1,0,2026-09-24 14:45,2026-10-15 15:00,https://bidplus.gem.gov.in/showbidDocument/9920763,2026-09-28
GEM/2026/B/8078563,Desktop,High End Desktop Computer,High End Desktop Computer,Ministry of Education,Department of Higher Education,,2,1,0,2026-09-24 14:23,2026-09-28 15:00,https://bidplus.gem.gov.in/showbidDocument/9940923,2026-09-28
GEM/2026/B/8078207,Laptop,HIGH END LAPTOP/ NOTE BOOK AND SIMILAR DEVICE,HIGH END LAPTOP/ NOTE BOOK AND SIMILAR DEVICE,Ministry of Defence,Department of Military Affairs,,1,1,0,2026-09-24 14:20,2026-10-05 14:00,https://bidplus.gem.gov.in/showbidDocument/9940512,2026-09-25
GEM/2026/B/8068079,Desktop,Digital Forensic Workstation,Digital Forensic Workstation,Ministry of Education,Department of Higher Education,,1,1,0,2026-09-24 13:58,2026-10-13 15:00,https://bidplus.gem.gov.in/showbidDocument/9929109,2026-09-25
GEM/2026/B/8078113,Desktop,Entry and Mid Level Desktop Computer,Entry and Mid Level Desktop Computer,,"Higher Education, Science & Technology and Biotechnology Department West Bengal",West Bengal,3,1,0,2026-09-24 13:58,2026-10-05 14:00,https://bidplus.gem.gov.in/showbidDocument/9940406,2026-09-28
GEM/2026/B/8077645,Laptop,LAPTOP 512 GB SSD,LAPTOP 512 GB SSD,Ministry of Defence,Department of Military Affairs,,2,1,0,2026-09-24 13:54,2026-10-05 14:00,https://bidplus.gem.gov.in/showbidDocument/9939888,2026-09-25
GEM/2026/B/8056557,Laptop,Laptop/Notebook Similar Device | Laptop/Notebook and Similar Device,"Laptop/Notebook Similar Device,Laptop/Notebook and Similar Device",Ministry of Defence,Department of Military Affairs,,2,2,1,2026-09-24 13:46,2026-10-13 12:00,https://bidplus.gem.gov.in/showbidDocument/9915774,2026-09-25
GEM/2026/B/8051013,Desktop,Highend Desktop Computer,"NAS,Visuliser,Highend Desktop Computer,Line Interactive UPS with AVR (V2),A3 Size Multifunction Pri",Ministry of Defence,Department of Military Affairs,,62,5,1,2026-09-24 13:44,2026-10-05 14:00,https://bidplus.gem.gov.in/showbidDocument/9909477,2026-09-28
GEM/2026/B/8050723,Server,Application Server | Video Management Server VMS | GPU Server for AI Video Analytics,"Application Server,Video Management Server VMS,GPU Server for AI Video Analytics,Unified Storage Ar",,Home Department Andhra Pradesh,Andhra Pradesh,143,4,1,2026-09-24 13:42,2026-10-12 12:00,https://bidplus.gem.gov.in/showbidDocument/9909145,2026-09-25
GEM/2026/B/8044683,Desktop,High End Computer Workstation as per attached specification,High End Computer Workstation as per attached specification,PMO,Department of Atomic Energy,,1,1,0,2026-09-24 13:39,2026-10-15 14:00,https://bidplus.gem.gov.in/showbidDocument/9902389,2026-09-25
GEM/2026/B/7992479,Desktop,High End Desktop Computer,High End Desktop Computer,Ministry of Defence,Department of Military Affairs,,70,1,0,2026-09-24 13:30,2026-10-05 14:00,https://bidplus.gem.gov.in/showbidDocument/9842271,2026-09-28
GEM/2026/B/8077927,Desktop,Desktop PC Core i5,Desktop PC Core i5,Ministry of Defence,Department of Military Affairs,,12,1,0,2026-09-24 13:29,2026-10-07 13:00,https://bidplus.gem.gov.in/showbidDocument/9940201,2026-09-28
GEM/2026/B/8036027,Laptop,LAPTOP COMPUTER | LAPTOP COMPUTER | Laptop/Similar Devices,"LAPTOP COMPUTER,LAPTOP COMPUTER,Laptop/Similar Devices",Ministry of Defence,Department of Military Affairs,,3,3,1,2026-09-24 13:22,2026-10-09 14:00,https://bidplus.gem.gov.in/showbidDocument/9892365,2026-09-28
GEM/2026/B/8078026,Desktop,Entry and Mid Level Desktop Computer,Entry and Mid Level Desktop Computer,Ministry of Defence,Department of Military Affairs,,3,1,0,2026-09-24 13:22,2026-10-08 14:00,https://bidplus.gem.gov.in/showbidDocument/9940313,2026-09-28
GEM/2026/B/8073812,Laptop,Laptops and Peripherals - Laptop; Lenovo,"Annual Maintenance Service - Desktops,  Laptops and Peripherals - Laptop; Lenovo,Annual Maintenance",,Home Department Kerala,Kerala,79,3,1,2026-09-24 13:21,2026-10-05 14:00,https://bidplus.gem.gov.in/showbidDocument/9935561,2026-09-28
GEM/2026/B/7971703,Server,Primary Application and Dashboard Server | Desktop Server for testing and Sand Boxing | LLM Server for,"Primary Application and Dashboard Server,Desktop Server for testing and Sand Boxing,LLM Server for ",Ministry of Defence,Department of Military Affairs,,118,3,1,2026-09-24 13:12,2026-10-15 14:00,https://bidplus.gem.gov.in/showbidDocument/9818376,2026-09-25
GEM/2026/B/8078047,Laptop,High End Laptop - Notebook,High End Laptop - Notebook,,Agriculture Department Tamil Nadu,Tamil Nadu,1,1,0,2026-09-24 13:09,2026-10-05 14:00,https://bidplus.gem.gov.in/showbidDocument/9940335,2026-09-25
GEM/2026/B/8047632,Desktop,Aadhaar based Desktop Biometric Mac,"Aadhaar based Wall Mount Biometric Machine (Finger Recognition),Aadhaar based Desktop Biometric Mac",Ministry of Earth Sciences,India Meteorological Department (IMD),,29,2,1,2026-09-24 13:05,2026-10-16 14:00,https://bidplus.gem.gov.in/showbidDocument/9905673,2026-09-28
GEM/2026/B/8021771,Desktop,Entry and Mid Level Desktop Computer,Entry and Mid Level Desktop Computer,PMO,Department of Atomic Energy,,150,1,0,2026-09-24 12:51,2026-10-15 13:00,https://bidplus.gem.gov.in/showbidDocument/9875782,2026-09-28
GEM/2026/B/7912097,Laptop,High End Laptop - Notebook,High End Laptop - Notebook,Ministry of Defence,Department of Military Affairs,,4,1,0,2026-09-24 12:49,2026-10-15 13:00,https://bidplus.gem.gov.in/showbidDocument/9749757,2026-09-25
GEM/2026/B/7911376,Desktop,Entry and Mid Level Desktop Computer,"Entry and Mid Level Desktop Computer,A4 and Legal Size Multifunction Printer (MFP)",Ministry of Defence,Department of Military Affairs,,5,2,1,2026-09-24 12:48,2026-10-09 13:00,https://bidplus.gem.gov.in/showbidDocument/9748883,2026-09-28
GEM/2026/B/8034993,Desktop,Entry and Mid Level Desktop Computer,Entry and Mid Level Desktop Computer,,Higher Education Department Kerala,Kerala,24,1,0,2026-09-24 12:33,2026-10-05 13:00,https://bidplus.gem.gov.in/showbidDocument/9891157,2026-09-28
GEM/2026/B/8077389,All-in-One PC,Desktop All in One PC 24 inch Screen 16 GB RAM,Desktop All in One PC 24 inch Screen 16 GB RAM,Ministry of Defence,Department of Military Affairs,,3,1,0,2026-09-24 12:27,2026-10-05 12:00,https://bidplus.gem.gov.in/showbidDocument/9939594,2026-09-28
GEM/2026/B/8077593,Desktop,Desktop PC Core i 7,"Desktop PC Core i 7,32 TB NAS Setup 4 bay",Ministry of Defence,Department of Military Affairs,,2,2,1,2026-09-24 12:22,2026-10-05 13:00,https://bidplus.gem.gov.in/showbidDocument/9939831,2026-09-28
GEM/2026/B/8077317,Laptop,Intel Core i5-14450HX Laptop | Touch Screen Intel Core ultra Laptop,"Intel Core i5-14450HX Laptop,Touch Screen Intel Core ultra Laptop",Ministry of Defence,Department of Military Affairs,,2,2,1,2026-09-24 12:18,2026-10-05 12:00,https://bidplus.gem.gov.in/showbidDocument/9939516,2026-09-28
GEM/2026/B/8077370,Laptop,High End Laptop - Notebook,High End Laptop - Notebook,,Agriculture Department Haryana,Haryana,1,1,0,2026-09-24 12:12,2026-10-05 12:00,https://bidplus.gem.gov.in/showbidDocument/9939571,2026-09-25
GEM/2026/B/8075342,Desktop,Entry and Mid Level Desktop Computer,Entry and Mid Level Desktop Computer,Ministry of Defence,Department of Military Affairs,,4,1,0,2026-09-24 12:12,2026-10-03 18:00,https://bidplus.gem.gov.in/showbidDocument/9937232,2026-09-28
GEM/2026/B/8077440,Laptop,LAPTOP WITH EXPRESS CARD SLOT,LAPTOP WITH EXPRESS CARD SLOT,Ministry of Defence,Department of Defence Production,,5,1,0,2026-09-24 12:09,2026-10-15 13:00,https://bidplus.gem.gov.in/showbidDocument/9939654,2026-09-28
GEM/2026/B/8074240,Desktop,Entry and Mid Level Desktop Computer,"Entry and Mid Level Desktop Computer,A4 and Legal Size Multifunction Printer (MFP)",,Education Department Gujarat,Gujarat,18,2,1,2026-09-24 12:00,2026-10-05 20:00,https://bidplus.gem.gov.in/showbidDocument/9936025,2026-09-28
GEM/2026/B/8077202,Desktop,Entry and Mid Level Desktop Computer,"A4 and Legal Size Multifunction Printer (MFP),Entry and Mid Level Desktop Computer,A4 and Legal Siz",,Public Works Department West Bengal,West Bengal,18,3,1,2026-09-24 11:59,2026-10-05 12:00,https://bidplus.gem.gov.in/showbidDocument/9939393,2026-09-28
GEM/2026/B/8073954,Desktop,Entry and Mid Level Desktop Computer,"Entry and Mid Level Desktop Computer,A4 and Legal Size Multifunction Printer (MFP),A3 Size Multifun",,Education Department Gujarat,Gujarat,13,3,1,2026-09-24 11:59,2026-10-05 20:00,https://bidplus.gem.gov.in/showbidDocument/9935717,2026-09-28
GEM/2026/B/8026680,Server,Servers (V2),Servers (V2),Department of Space,Department of Space,,1,1,0,2026-09-24 11:57,2026-10-17 12:00,https://bidplus.gem.gov.in/showbidDocument/9881419,2026-09-25
GEM/2026/B/8076974,Server,Servers (V2),Servers (V2),Ministry of Defence,Department of Military Affairs,,1,1,0,2026-09-24 11:42,2026-10-15 12:00,https://bidplus.gem.gov.in/showbidDocument/9939136,2026-09-25
GEM/2026/B/8077044,Laptop,High End Laptop - Notebook,High End Laptop - Notebook,Ministry of Defence,Department of Military Affairs,,1,1,0,2026-09-24 11:34,2026-10-05 12:00,https://bidplus.gem.gov.in/showbidDocument/9939214,2026-09-25
GEM/2026/B/7973092,Laptop,iOS Based Laptop,iOS Based Laptop,Ministry of Defence,Department of Military Affairs,,1,1,0,2026-09-24 11:24,2026-10-15 12:00,https://bidplus.gem.gov.in/showbidDocument/9820003,2026-09-28
GEM/2026/B/8052534,Laptop,High End Laptop - Notebook,High End Laptop - Notebook,Ministry of Defence,Department of Military Affairs,,1,1,0,2026-09-24 11:21,2026-10-05 12:00,https://bidplus.gem.gov.in/showbidDocument/9911204,2026-09-25
GEM/2026/B/8070720,Laptop,Macbook Pro 14 inch Laptop,Macbook Pro 14 inch Laptop,Ministry of Electronics and Information Technology,Standardisation Testing and Quality Certification,,1,1,0,2026-09-24 11:16,2026-10-15 12:00,https://bidplus.gem.gov.in/showbidDocument/9932070,2026-09-28
GEM/2026/B/8076699,Laptop,High End Laptop - Notebook,High End Laptop - Notebook,Ministry of Education,Department of Higher Education,,1,1,0,2026-09-24 10:59,2026-10-15 11:00,https://bidplus.gem.gov.in/showbidDocument/9938826,2026-09-25
GEM/2026/B/7879989,Laptop,Laptops and Peripherals - Desktop PC; other,"Annual Maintenance Service - Desktops,  Laptops and Peripherals - Desktop PC; other,Annual Maintena",Ministry of Defence,Department of Defence Production,,31,3,1,2026-09-24 10:58,2026-09-28 18:00,https://bidplus.gem.gov.in/showbidDocument/9713007,2026-09-28
GEM/2026/B/8027648,Desktop,L SHAPE WORKSTATION,"Linear workstaion,L SHAPE WORKSTATION,PEDESTAL (2 Drawer+ 1 Filling),AMAZE MEDIUM BACK MESH CHAIR",Ministry of Power,POWER GRID Corporation OF INDIA Limited,,51,4,1,2026-09-24 10:05,2026-10-24 10:00,https://bidplus.gem.gov.in/showbidDocument/9882521,2026-09-25
GEM/2026/B/8075224,Server,SERVERS FOR EMAIL AS PER TENDER SPECIFICATIONS | SERVER WITH GPU AS PER TENDER SPECIFICATIONS | SERVER,"SERVERS FOR EMAIL AS PER TENDER SPECIFICATIONS,SERVER WITH GPU AS PER TENDER SPECIFICATIONS,SERVER ",Ministry of Petroleum and Natural Gas,Materials Department,,5,3,1,2026-09-24 09:56,2026-10-05 10:00,https://bidplus.gem.gov.in/showbidDocument/9937102,2026-09-25
GEM/2026/B/8076190,Laptop,High Processor Laptop,High Processor Laptop,Ministry of Defence,Department of Military Affairs,,2,1,0,2026-09-24 09:19,2026-10-05 09:00,https://bidplus.gem.gov.in/showbidDocument/9938209,2026-09-28
GEM/2026/B/7995233,Server,Servers (V2),Servers (V2),Ministry of Defence,Department of Military Affairs,,2,1,0,2026-09-24 07:10,2026-10-05 09:00,https://bidplus.gem.gov.in/showbidDocument/9845405,2026-09-25
GEM/2026/B/7913763,Server,Servers (V2) | High End Desktop Computer,"Servers (V2),High End Desktop Computer",Ministry of Defence,Department of Military Affairs,,42,2,1,2026-09-23 20:31,2026-10-14 21:00,https://bidplus.gem.gov.in/showbidDocument/9751643,2026-09-25
GEM/2026/B/8075879,Laptop,LAPTOP WITH M5 CHIP | LAPTOP WITH DEDICATED GPU,"LAPTOP WITH M5 CHIP,LAPTOP WITH DEDICATED GPU",Ministry of Defence,Department of Military Affairs,,5,2,1,2026-09-23 20:30,2026-10-14 20:00,https://bidplus.gem.gov.in/showbidDocument/9937837,2026-09-28
GEM/2026/B/8075683,Laptop,Entry and Mid Level Laptop - Notebook | High End Laptop - Notebook,"Entry and Mid Level Laptop - Notebook,High End Laptop - Notebook",Ministry of Labour and Employment,NA,,12,2,1,2026-09-23 19:17,2026-10-03 19:00,https://bidplus.gem.gov.in/showbidDocument/9937612,2026-09-25
GEM/2026/B/8045965,Laptop,"Laptop (14"" ) | Laptop (16"" ) | MacBook (15.3"" ) | MacBook (15 Inch)","Laptop (14"" ),Laptop (16"" ),MacBook (15.3"" ),MacBook (15 Inch)",Ministry of Defence,Department of Military Affairs,,4,4,1,2026-09-23 19:17,2026-10-07 12:00,https://bidplus.gem.gov.in/showbidDocument/9903809,2026-09-28
GEM/2026/B/8013326,Laptop,Laptop | Desktop Computer,"Laptop,Desktop Computer,LaserJet Printer Mono",Ministry of Defence,Department of Military Affairs,,17,3,1,2026-09-23 19:15,2026-10-08 20:00,https://bidplus.gem.gov.in/showbidDocument/9866219,2026-09-28
GEM/2026/B/7895538,Laptop,Laptop,Laptop,Ministry of Defence,Department of Military Affairs,,2,1,0,2026-09-23 18:58,2026-10-03 20:00,https://bidplus.gem.gov.in/showbidDocument/9730720,2026-09-28
GEM/2026/B/8028966,Laptop,Entry and Mid Level Laptop - Notebook,Entry and Mid Level Laptop - Notebook,,Labour Department,,165,1,0,2026-09-23 18:51,2026-10-05 11:00,https://bidplus.gem.gov.in/showbidDocument/9883986,2026-09-25
GEM/2026/B/7975395,Laptop,Laptop,"Projector with installation,Interactive panel 55 inch with installation,Laptop,Printer,Computer,Cha",Ministry of Defence,Department of Military Affairs,,12,6,1,2026-09-23 18:43,2026-10-03 19:00,https://bidplus.gem.gov.in/showbidDocument/9822672,2026-09-28
GEM/2026/B/8073239,Laptop,High End Laptop - Notebook,High End Laptop - Notebook,,Home Prohibition and Excise Department Tamil Nadu,Tamil Nadu,1,1,0,2026-09-23 18:37,2026-10-03 19:00,https://bidplus.gem.gov.in/showbidDocument/9934905,2026-09-25
GEM/2026/B/8074705,Laptop,Entry and Mid Level Laptop - Notebook,"Entry and Mid Level Laptop - Notebook,Scanner (V3),Computer Printer (V2)",Ministry of Finance,Department of Financial Services,,11,3,1,2026-09-23 18:01,2026-10-03 18:00,https://bidplus.gem.gov.in/showbidDocument/9936531,2026-09-25
GEM/2026/B/7992953,Laptop,Laptop 14th Gen Intel Core i5 with NVIDIA 6GB Graphics Card,Laptop 14th Gen Intel Core i5 with NVIDIA 6GB Graphics Card,Ministry of Defence,Department of Military Affairs,,3,1,0,2026-09-23 17:58,2026-10-12 14:00,https://bidplus.gem.gov.in/showbidDocument/9842810,2026-09-28
GEM/2026/B/7997541,Server,CPS SERVER | RRS SERVER,"MULTI ROLL COMPUTER,SENTINEL 2 SOFTWARE UPGRADE C AND D SOFTWARE,CPS SERVER,RRS SERVER,NET APP,MFC ",Ministry of Defence,Department of Military Affairs,,17,6,1,2026-09-23 17:57,2026-10-07 18:00,https://bidplus.gem.gov.in/showbidDocument/9848000,2026-09-25
GEM/2026/B/8068674,Server,Xeon 8 Core server,Xeon 8 Core server,Ministry of Railways,Indian Railways,,1,1,0,2026-09-23 17:52,2026-10-14 18:00,https://bidplus.gem.gov.in/showbidDocument/9929788,2026-09-25
GEM/2026/B/8075373,Laptop,Item 1 Laptop as per specification in Annexure I | Item 2.1 Laptop as per specification in Annexure I,"Item 1 Laptop as per specification in Annexure I,Item 2.1 Laptop as per specification in Annexure I",Ministry of Education,Department of Higher Education,,20,2,1,2026-09-23 17:44,2026-10-14 18:00,https://bidplus.gem.gov.in/showbidDocument/9937265,2026-09-28
GEM/2026/B/8049392,Server,Vulnerability and Penetration Testing - Server; Secure Configuration Review (Devices/OS),"Vulnerability and Penetration Testing - Server; Secure Configuration Review (Devices/OS), Missing s",Ministry of Health and Family Welfare,Department of Health and Family Welfare,,1,2,1,2026-09-23 17:42,2026-10-03 12:00,https://bidplus.gem.gov.in/showbidDocument/9907632,2026-09-25
GEM/2026/B/8073194,Laptop,High End Laptop - Notebook,High End Laptop - Notebook,,Revenue and Forest Department Maharashtra,Maharashtra,100,1,0,2026-09-23 17:39,2026-10-14 16:00,https://bidplus.gem.gov.in/showbidDocument/9934849,2026-09-25
GEM/2026/B/8074926,Laptop,Entry and Mid Level Laptop - Notebook,Entry and Mid Level Laptop - Notebook,,Local Self Government Department Kerala,Kerala,1,1,0,2026-09-23 16:57,2026-10-03 17:00,https://bidplus.gem.gov.in/showbidDocument/9936768,2026-09-25
GEM/2026/B/8067040,Laptop,Entry and Mid Level Desktop Computer | Entry and Mid Level Laptop - Notebook,"Entry and Mid Level Desktop Computer,Entry and Mid Level Laptop - Notebook,Computer Printer (V2),Co",Ministry of Education,Department of School Education and Literacy,,47,4,1,2026-09-23 16:54,2026-10-05 20:00,https://bidplus.gem.gov.in/showbidDocument/9927956,2026-09-25
GEM/2026/B/7908096,Server,Servers (V2),Servers (V2),Ministry of Electronics and Information Technology,Department of Electronics and Information Technology,,1,1,0,2026-09-23 16:36,2026-10-09 16:00,https://bidplus.gem.gov.in/showbidDocument/9745217,2026-09-25
GEM/2026/B/8074432,Laptop,Laptops and Peripherals - Desktop PC; Acer,"Annual Maintenance Service - Desktops,  Laptops and Peripherals - Desktop PC; Acer,Annual Maintenan",,Education Department Gujarat,Gujarat,277,3,1,2026-09-23 16:35,2026-10-05 17:00,https://bidplus.gem.gov.in/showbidDocument/9936228,2026-09-28
GEM/2026/B/8070837,Desktop,Mobile Workstation | Desktop Workstation,"Mobile Workstation,Desktop Workstation,Tablet,Tablet Cover,Monitor",Ministry of Education,Department of Higher Education,,15,5,1,2026-09-23 16:34,2026-10-14 17:00,https://bidplus.gem.gov.in/showbidDocument/9932199,2026-09-25
GEM/2026/B/8073789,Laptop,Entry and Mid Level Laptop - Notebook,Entry and Mid Level Laptop - Notebook,,Police Department Mizoram,Mizoram,15,1,0,2026-09-23 16:29,2026-10-03 17:00,https://bidplus.gem.gov.in/showbidDocument/9935536,2026-09-25
GEM/2026/B/7888258,Laptop,Laptop 11 inches As per SOW | Laptop 14 inches As per SOW,"Laptop 11 inches As per SOW,Laptop 14 inches As per SOW,Tablet slate As per SOW,Smart phone super r",Ministry of Defence,Department of Military Affairs,,9,4,1,2026-09-23 16:17,2026-10-14 16:00,https://bidplus.gem.gov.in/showbidDocument/9722409,2026-09-28
GEM/2026/B/8074493,Laptop,LAPTOP,"LAPTOP,SMARTPHONE",Ministry of Labour and Employment,NA,,3,2,1,2026-09-23 16:12,2026-10-15 17:00,https://bidplus.gem.gov.in/showbidDocument/9936299,2026-09-28
GEM/2026/B/8072730,Laptop,Entry and Mid Level Desktop Computer | High End Laptop - Notebook,"Entry and Mid Level Desktop Computer,High End Laptop - Notebook",Ministry of Communications,Department of Telecommunications (DOT),,27,2,1,2026-09-23 15:51,2026-10-14 16:00,https://bidplus.gem.gov.in/showbidDocument/9934341,2026-09-25
GEM/2026/B/8073993,Laptop,Entry and Mid Level Desktop Computer | Entry and Mid Level Laptop - Notebook,"Entry and Mid Level Desktop Computer,Entry and Mid Level Laptop - Notebook,A4 and Legal Size Multif",,Local Self Government Department Kerala,Kerala,9,3,1,2026-09-23 15:47,2026-10-03 16:00,https://bidplus.gem.gov.in/showbidDocument/9935759,2026-09-25
GEM/2026/B/8065013,Laptop,High End Laptop - Notebook,High End Laptop - Notebook,Ministry of Environment Forest and Climate Change,NA,,1,1,0,2026-09-23 15:29,2026-10-03 16:00,https://bidplus.gem.gov.in/showbidDocument/9925614,2026-09-25
GEM/2026/B/8070699,Server,Setting up of a Private Cloud Environment for Bioinformatics comprising HPC Server,Setting up of a Private Cloud Environment for Bioinformatics comprising HPC Server,Ministry of Electronics and Information Technology,Department of Electronics and Information Technology,,1,1,0,2026-09-23 15:28,2026-10-14 16:00,https://bidplus.gem.gov.in/showbidDocument/9932045,2026-09-25
GEM/2026/B/8073896,Laptop,Laptop Supply as per Technical Specification,"Laptop Supply as per Technical Specification,Operating System Pre-installed Licensed OS,Laptop Bag,","Ministry of Ports, Shipping and Waterways",NA,,7,3,1,2026-09-23 15:09,2026-10-14 17:00,https://bidplus.gem.gov.in/showbidDocument/9935655,2026-09-28
GEM/2026/B/8073759,Desktop,Open Type workstation,Open Type workstation,Ministry of Education,Department of Higher Education,,1,1,0,2026-09-23 14:46,2026-10-14 15:00,https://bidplus.gem.gov.in/showbidDocument/9935501,2026-09-25
GEM/2026/B/8073638,Laptop,Laptop with intel core Ultra 9 Processor,Laptop with intel core Ultra 9 Processor,Ministry of Defence,Department of Military Affairs,,1,1,0,2026-09-23 14:41,2026-10-05 15:00,https://bidplus.gem.gov.in/showbidDocument/9935362,2026-09-28
GEM/2026/B/8069622,Desktop,HIGH PERFORMANCE TOWER WORKSTATION,HIGH PERFORMANCE TOWER WORKSTATION,Ministry of Science and Technology,Department of Science and Technology (DST),,1,1,0,2026-09-23 14:28,2026-10-14 15:00,https://bidplus.gem.gov.in/showbidDocument/9930828,2026-09-25
GEM/2026/B/7954266,Laptop,High End Laptop - Notebook,High End Laptop - Notebook,Ministry of Defence,Department of Military Affairs,,15,1,0,2026-09-23 14:25,2026-10-14 15:00,https://bidplus.gem.gov.in/showbidDocument/9798156,2026-09-25
GEM/2026/B/8073247,Laptop,High End Laptop - Notebook,High End Laptop - Notebook,,Panchayat and Rural Development Department West Bengal,West Bengal,2,1,0,2026-09-23 14:06,2026-10-03 21:00,https://bidplus.gem.gov.in/showbidDocument/9934915,2026-09-25
GEM/2026/B/8073408,Laptop,Entry and Mid Level Laptop - Notebook,Entry and Mid Level Laptop - Notebook,,institute of human resources development IHRD,,2,1,0,2026-09-23 14:05,2026-10-05 15:00,https://bidplus.gem.gov.in/showbidDocument/9935097,2026-09-25
GEM/2026/B/8071955,Laptop,Entry and Mid Level Laptop - Notebook,Entry and Mid Level Laptop - Notebook,,Social Welfare Department Madhya Pradesh,Madhya Pradesh,55,1,0,2026-09-23 13:17,2026-10-13 17:00,https://bidplus.gem.gov.in/showbidDocument/9933478,2026-09-25
GEM/2026/B/8072213,Laptop,High End Laptop - Notebook,High End Laptop - Notebook,Ministry of Statistics and Programme Implementation,National Sample Survey Office (NSSO),,3,1,0,2026-09-23 13:15,2026-10-03 15:00,https://bidplus.gem.gov.in/showbidDocument/9933769,2026-09-25
GEM/2026/B/8072903,Laptop,Entry and Mid Level Laptop - Notebook,"Entry and Mid Level Laptop - Notebook,A4 and Legal Size Multifunction Printer (MFP)",,Local Self Government Department Kerala,Kerala,2,2,1,2026-09-23 13:10,2026-10-03 16:00,https://bidplus.gem.gov.in/showbidDocument/9934524,2026-09-25
GEM/2026/B/8070272,Server,Servers (V2),Servers (V2),Ministry of Home Affairs,Central Police Organisation,,1,1,0,2026-09-23 13:07,2026-10-14 14:00,https://bidplus.gem.gov.in/showbidDocument/9931553,2026-09-25
GEM/2026/B/8072967,Laptop,Entry and Mid Level Laptop - Notebook | Entry and Mid Level Laptop - Notebook,"Entry and Mid Level Laptop - Notebook,Entry and Mid Level Laptop - Notebook,Entry and Mid Level Lap",,Panchayath,,14,3,1,2026-09-23 13:04,2026-10-05 10:00,https://bidplus.gem.gov.in/showbidDocument/9934594,2026-09-28
GEM/2026/B/8071454,Desktop,ENT WORKSTATION WITH MICROSCOPE AND COMPRESSED AIR SYSTEM,ENT WORKSTATION WITH MICROSCOPE AND COMPRESSED AIR SYSTEM,Ministry of Steel,NMDC Limited,,1,1,0,2026-09-23 12:54,2026-10-14 11:00,https://bidplus.gem.gov.in/showbidDocument/9932929,2026-09-25
GEM/2026/B/8001393,All-in-One PC,Laptops and Peripherals - All In One PC; Hp,"Annual Maintenance Service - Desktops,  Laptops and Peripherals - All In One PC; Hp, Dell etc,Annua",Ministry of Personnel Public Grievances and Pensions,Department of Personnel and Training,,198,4,1,2026-09-23 12:51,2026-10-14 13:00,https://bidplus.gem.gov.in/showbidDocument/9852421,2026-09-28
GEM/2026/B/8072101,Laptop,Entry and Mid Level Desktop Computer | Entry and Mid Level Laptop - Notebook,"Entry and Mid Level Desktop Computer,Entry and Mid Level Laptop - Notebook",,Local Self Government Department Kerala,Kerala,5,2,1,2026-09-23 12:32,2026-10-03 13:00,https://bidplus.gem.gov.in/showbidDocument/9933644,2026-09-28
GEM/2026/B/8047462,Laptop,Laptops and Peripherals - DESKTOP COMPUTER i3; Hp,"Annual Maintenance Service - Desktops,  Laptops and Peripherals - DESKTOP COMPUTER i3; Hp, Dell, Ac",Ministry of Information and Broadcasting,Ministry of Information and Broadcasting,,336,4,1,2026-09-23 12:21,2026-10-14 13:00,https://bidplus.gem.gov.in/showbidDocument/9905496,2026-09-25
GEM/2026/B/7952630,Server,Advanced Smart Skill Embedded Edge Server and System Controller Hardware Unit,"Advanced Smart Skill Embedded Edge Server and System Controller Hardware Unit,Software Deployment o",Ministry of Defence,Department of Military Affairs,,201,2,1,2026-09-23 12:19,2026-10-03 13:00,https://bidplus.gem.gov.in/showbidDocument/9796132,2026-09-25
GEM/2026/B/7960024,Laptop,LAPTOP MAC OS | LAPTOP WINDOW OS,"LAPTOP MAC OS,LAPTOP WINDOW OS",Ministry of Defence,Department of Military Affairs,,2,2,1,2026-09-23 12:15,2026-10-05 12:00,https://bidplus.gem.gov.in/showbidDocument/9804900,2026-09-28
GEM/2026/B/8071451,Laptop,Laptop,Laptop,Ministry of Education,Department of Higher Education,,1,1,0,2026-09-23 10:47,2026-10-14 11:00,https://bidplus.gem.gov.in/showbidDocument/9932926,2026-09-28
GEM/2026/B/7954827,Laptop,High End Laptop - Notebook,High End Laptop - Notebook,Ministry of Mines,NA,,200,1,0,2026-09-23 10:32,2026-10-05 11:00,https://bidplus.gem.gov.in/showbidDocument/9798837,2026-09-28
GEM/2026/B/8068641,Laptop,High End Laptop - Notebook,High End Laptop - Notebook,Ministry of Education,Department of Higher Education,,1,1,0,2026-09-23 10:17,2026-10-03 19:00,https://bidplus.gem.gov.in/showbidDocument/9929755,2026-09-28
GEM/2026/B/8011364,Server,WLAN Controller and AAA Server,"QRNG,QVPN Server Software,Aggregate Switch,WLAN Controller and AAA Server,Hardware Platform QVPN Pr",Ministry of Defence,Department of Military Affairs,,2319,5,1,2026-09-23 10:08,2026-10-14 12:00,https://bidplus.gem.gov.in/showbidDocument/9864040,2026-09-25
GEM/2026/B/8069443,Laptop,Desktop PC | Laptop,"55 inch IFPD,Desktop PC,Laptop,External Speaker,Wireless Presenter,Interactive Panels with CPU",,School Education Department Jammu and Kashmir,Jammu & Kashmir,104,6,1,2026-09-23 10:04,2026-10-08 11:00,https://bidplus.gem.gov.in/showbidDocument/9930636,2026-09-28
GEM/2026/B/7913433,Server,Rack Server,"Rack Server,Master Local Craft Device,Slave Local Craft Device,Metro Ethernet Switch,Storage,2U Rac",Ministry of Defence,Department of Military Affairs,,49,6,1,2026-09-23 08:52,2026-10-14 21:00,https://bidplus.gem.gov.in/showbidDocument/9751270,2026-09-25
GEM/2026/B/7955112,Server,Server Operating System | Desktop Operating System,"Operating System,Antivirus,Server Operating System,Desktop Operating System,Pro Vector Graphics Des",Ministry of Defence,Department of Military Affairs,,41,5,1,2026-09-22 20:24,2026-10-03 19:00,https://bidplus.gem.gov.in/showbidDocument/9799177,2026-09-25
GEM/2026/B/8053245,Laptop,Entry and Mid Level Laptop - Notebook,Entry and Mid Level Laptop - Notebook,,Home Department Maharashtra,Maharashtra,211,1,0,2026-09-22 19:17,2026-10-03 20:00,https://bidplus.gem.gov.in/showbidDocument/9911993,2026-09-28
GEM/2026/B/8019014,Server,Desktop Computer | Server,"Desktop Computer,Server,UPS,Switch Rack,Ethernet Switch,UTP Cable,RJ45 Connector,LaserJet Printer,W",Ministry of Defence,Department of Military Affairs,,174,9,1,2026-09-22 19:14,2026-10-03 20:00,https://bidplus.gem.gov.in/showbidDocument/9872618,2026-09-25
GEM/2026/B/8042515,Server,Supply Installation Testing and Commissioning of Redundant controllers for OPC UA Server,Supply Installation Testing and Commissioning of Redundant controllers for OPC UA Server,Ministry of Power,Hydro Power,,1,1,0,2026-09-22 18:38,2026-10-13 11:00,https://bidplus.gem.gov.in/showbidDocument/9899909,2026-09-25
GEM/2026/B/8063895,Laptop,High End Laptop - Notebook,High End Laptop - Notebook,Ministry of Statistics and Programme Implementation,National Sample Survey Office (NSSO),,16,1,0,2026-09-22 18:24,2026-10-03 21:00,https://bidplus.gem.gov.in/showbidDocument/9924320,2026-09-28
GEM/2026/B/8070156,Desktop,Entry and Mid Level Desktop Computer,"Entry and Mid Level Desktop Computer,Computer Printer (V2),Computer Printer (V2),Dot Matrix Printer",Ministry of Communications,Department of Telecommunications (DOT),,393,4,1,2026-09-22 18:23,2026-10-13 19:00,https://bidplus.gem.gov.in/showbidDocument/9931423,2026-09-28
GEM/2026/B/8070207,Laptop,Laptop with MAC OS,Laptop with MAC OS,Ministry of Defence,Department of Military Affairs,,2,1,0,2026-09-22 18:15,2026-10-03 18:00,https://bidplus.gem.gov.in/showbidDocument/9931478,2026-09-28
GEM/2026/B/8000670,Laptop,High End Laptop - Notebook,High End Laptop - Notebook,,Health and Family Welfare Department Tamil Nadu,Tamil Nadu,6,1,0,2026-09-22 18:09,2026-10-06 17:00,https://bidplus.gem.gov.in/showbidDocument/9851596,2026-09-28
GEM/2026/B/8069659,Laptop,RUGGED LAPTOP,RUGGED LAPTOP,Department of Space,Department of Space,,2,1,0,2026-09-22 18:00,2026-10-14 17:00,https://bidplus.gem.gov.in/showbidDocument/9930870,2026-09-28
GEM/2026/B/8069977,Server,DATA PROCESSING SERVER,DATA PROCESSING SERVER,Department of Space,Department of Space,,2,1,0,2026-09-22 17:53,2026-10-14 17:00,https://bidplus.gem.gov.in/showbidDocument/9931219,2026-09-25
GEM/2026/B/8069930,Laptop,High End Laptop - Notebo,"Split Air Conditioner, Wall Mount Type (V3) ISI Marked to IS 1391 (Part 2),High End Laptop - Notebo",,Agriculture Department Tamil Nadu,Tamil Nadu,5,3,1,2026-09-22 17:37,2026-10-03 18:00,https://bidplus.gem.gov.in/showbidDocument/9931165,2026-09-28
GEM/2026/B/8016530,All-in-One PC,All in One PC (V2) | High End Laptop - Notebook,"All in One PC (V2),High End Laptop - Notebook,A4 and Legal Size Multifunction Printer (MFP),Scanner",,Tribal Development Department Gujarat,Gujarat,27,4,1,2026-09-22 17:25,2026-10-03 18:00,https://bidplus.gem.gov.in/showbidDocument/9869862,2026-09-28
GEM/2026/B/8020547,Laptop,Laptops and Peripherals - Desktop PC; hp,"Annual Maintenance Service - Desktops,  Laptops and Peripherals - Desktop PC; hp,Annual Maintenance",Ministry of Defence,Department of Defence Production,,702,3,1,2026-09-22 17:24,2026-10-06 18:00,https://bidplus.gem.gov.in/showbidDocument/9874409,2026-09-28
GEM/2026/B/8069342,Laptop,Entry and Mid Level Laptop - Notebook,Entry and Mid Level Laptop - Notebook,,Local Self Government Department Kerala,Kerala,25,1,0,2026-09-22 17:06,2026-10-03 17:00,https://bidplus.gem.gov.in/showbidDocument/9930522,2026-09-28
GEM/2026/B/8066631,Laptop,High End Laptop - Notebook,"High End Laptop - Notebook,Tablet,Tablet,Tablet,Camera,Projector,HDD,Power Bank,Ear Clip Buds",Ministry of Education,Department of Higher Education,,14,9,1,2026-09-22 17:06,2026-10-13 18:00,https://bidplus.gem.gov.in/showbidDocument/9927500,2026-09-28
GEM/2026/B/8069603,Desktop,Fixed Computer Workstation (V2),Fixed Computer Workstation (V2),,Higher Education Department Uttar Pradesh,Uttar Pradesh,20,1,0,2026-09-22 16:50,2026-09-29 17:00,https://bidplus.gem.gov.in/showbidDocument/9930806,2026-09-25
GEM/2026/B/8069240,Laptop,Entry and Mid Level Laptop - Notebook,Entry and Mid Level Laptop - Notebook,,Local Self Government Department Kerala,Kerala,1,1,0,2026-09-22 16:25,2026-10-05 12:00,https://bidplus.gem.gov.in/showbidDocument/9930410,2026-09-28
GEM/2026/B/8067046,Laptop,High End Laptop - Notebook,High End Laptop - Notebook,Ministry of Petroleum and Natural Gas,NA,,130,1,0,2026-09-22 16:06,2026-11-03 15:00,https://bidplus.gem.gov.in/showbidDocument/9927962,2026-09-28
GEM/2026/B/8044959,Server,Servers (V2),Servers (V2),Ministry of Education,Department of Higher Education,,1,1,0,2026-09-22 16:05,2026-10-12 13:00,https://bidplus.gem.gov.in/showbidDocument/9902685,2026-09-28
GEM/2026/B/8055761,Desktop,Fixed Computer Workstation (V2) | Fixed Computer Workstation (V2),"Fixed Computer Workstation (V2),Fixed Computer Workstation (V2)",Ministry of Housing & Urban Affairs (MoHUA),Ministry of Housing and Urban Affairs,,2,2,1,2026-09-22 15:45,2026-09-28 15:00,https://bidplus.gem.gov.in/showbidDocument/9914816,2026-09-25
GEM/2026/B/8003280,Desktop,Integrated Fully Smart Automated Histopathology Workstation Latest and Advance Technology Complete,Integrated Fully Smart Automated Histopathology Workstation Latest and Advance Technology Complete,Ministry of Defence,Department of Defence,,1,1,0,2026-09-22 15:41,2026-10-13 16:00,https://bidplus.gem.gov.in/showbidDocument/9854690,2026-09-25
GEM/2026/B/8068739,All-in-One PC,Laptops and Peripherals - All In One PC; hp,"Annual Maintenance Service - Desktops,  Laptops and Peripherals - All In One PC; hp",Ministry of Railways,Indian Railways,,25,2,1,2026-09-22 15:32,2026-10-03 16:00,https://bidplus.gem.gov.in/showbidDocument/9929856,2026-09-28
GEM/2026/B/8068503,Laptop,Entry and Mid Level Desktop Computer | High End Laptop - Notebook,"Entry and Mid Level Desktop Computer,High End Laptop - Notebook,Line Interactive UPS with AVR (V2),",,Civil Aviation Department Haryana,Haryana,42,3,1,2026-09-22 15:16,2026-10-05 16:00,https://bidplus.gem.gov.in/showbidDocument/9929601,2026-09-28
GEM/2026/B/8055123,Laptop,High End Laptop - Notebook,High End Laptop - Notebook,Ministry of Communications,Department of Posts,,1,1,0,2026-09-22 15:14,2026-10-03 15:00,https://bidplus.gem.gov.in/showbidDocument/9914095,2026-09-28
GEM/2026/B/8020612,Laptop,High End Laptop - Notebook | High End Laptop - Notebook,"High End Laptop - Notebook,High End Laptop - Notebook",Ministry of Electronics and Information Technology,Department of Electronics and Information Technology,,52,2,1,2026-09-22 14:45,2026-10-03 18:00,https://bidplus.gem.gov.in/showbidDocument/9874481,2026-09-28
GEM/2026/B/8068058,Laptop,High End Desktop Computer | High End Desktop Computer | High End Laptop - Notebook,"High End Desktop Computer,High End Desktop Computer,High End Laptop - Notebook",,Vigilance Department Kerala,Kerala,5,3,1,2026-09-22 14:34,2026-10-03 15:00,https://bidplus.gem.gov.in/showbidDocument/9929086,2026-09-28
GEM/2026/B/8067229,Desktop,Digital Forensic Workstation,Digital Forensic Workstation,,Home Department Kerala,Kerala,8,1,0,2026-09-22 14:27,2026-10-03 13:00,https://bidplus.gem.gov.in/showbidDocument/9928158,2026-09-25
GEM/2026/B/8067645,Laptop,High End Laptop - Notebook,High End Laptop - Notebook,,Energy Department Uttarakhand,Uttarakhand,4,1,0,2026-09-22 14:19,2026-10-13 15:00,https://bidplus.gem.gov.in/showbidDocument/9928620,2026-09-28
GEM/2026/B/8053847,Laptop,Laptops and Peripherals - Desktop PC; other,"Annual Maintenance Service - Desktops,  Laptops and Peripherals - Desktop PC; other",Department of Space,Department of Space,,500,2,1,2026-09-22 14:12,2026-10-13 15:00,https://bidplus.gem.gov.in/showbidDocument/9912671,2026-09-28
GEM/2026/B/8029181,Desktop,Intel Ultra Core 7 DDR5 20 core 30 MB Cache with 32GB RAM Workstation,Intel Ultra Core 7 DDR5 20 core 30 MB Cache with 32GB RAM Workstation,PMO,Department of Atomic Energy,,4,1,0,2026-09-22 14:06,2026-10-13 15:00,https://bidplus.gem.gov.in/showbidDocument/9884238,2026-09-25
GEM/2026/B/8067855,Server,Power Edge Server 2 TB Storage,"Power Edge Server 2 TB Storage,Integrated Controller TP Link and Mesh Creation,UPS Backup,Wall Moun",Ministry of Defence,Department of Military Affairs,,17,4,1,2026-09-22 14:05,2026-10-03 10:00,https://bidplus.gem.gov.in/showbidDocument/9928851,2026-09-28
GEM/2026/B/8067925,Laptop,Entry and Mid Level Laptop - Notebook,"Entry and Mid Level Laptop - Notebook,A4 and Legal Size Multifunction Printer (MFP)",,HOMOEOPATHY DEPARTMENT,,2,2,1,2026-09-22 14:00,2026-10-03 15:00,https://bidplus.gem.gov.in/showbidDocument/9928934,2026-09-28
GEM/2026/B/8067811,Laptop,Entry and Mid Level Laptop - Notebook,Entry and Mid Level Laptop - Notebook,,Local Self Government Department Kerala,Kerala,2,1,0,2026-09-22 13:57,2026-10-03 14:00,https://bidplus.gem.gov.in/showbidDocument/9928793,2026-09-28
GEM/2026/B/8066123,Desktop,Fixed Computer Workstation (V2),Fixed Computer Workstation (V2),Ministry of Defence,Department of Military Affairs,,1,1,0,2026-09-22 13:38,2026-10-03 14:00,https://bidplus.gem.gov.in/showbidDocument/9926920,2026-09-25
GEM/2026/B/8067711,Laptop,laptop,"laptop,Mixer,Microphone,stand,stand,speaker,Wall Speakers,Amplifier,WIRE Roll",Ministry of Culture,NA,,21,9,1,2026-09-22 13:38,2026-10-13 14:00,https://bidplus.gem.gov.in/showbidDocument/9928689,2026-09-28
GEM/2026/B/8066981,Laptop,High End Laptop - Notebook,High End Laptop - Notebook,,Home and Hill Affairs Department West Bengal,West Bengal,1,1,0,2026-09-22 13:36,2026-10-03 13:00,https://bidplus.gem.gov.in/showbidDocument/9927885,2026-09-28
GEM/2026/B/8067272,Laptop,Entry and Mid Level Desktop Computer | Entry and Mid Level Laptop - Notebook,"Entry and Mid Level Desktop Computer,Entry and Mid Level Laptop - Notebook,Entry and Mid Level Lapt",,Local Self Government Department Kerala,Kerala,6,3,1,2026-09-22 12:55,2026-10-03 21:00,https://bidplus.gem.gov.in/showbidDocument/9928209,2026-09-28
GEM/2026/B/8032708,Desktop,WORKSTATION i7 | High End Desktop Computer,"WORKSTATION i7,High End Desktop Computer,VIUSAL PRESENTER,INTERACTIVE PODIUM,PROJECTOR,GPU 12GB",Ministry of Defence,Department of Military Affairs,,10,6,1,2026-09-22 12:47,2026-10-05 13:00,https://bidplus.gem.gov.in/showbidDocument/9888355,2026-09-25
GEM/2026/B/7847263,Desktop,High Performance Workstation | High End PC,"High Performance Workstation,High End PC",Ministry of Defence,Department of Defence Research & Development,,11,2,1,2026-09-22 12:40,2026-10-03 12:00,https://bidplus.gem.gov.in/showbidDocument/9675843,2026-09-25
GEM/2026/B/7930055,Desktop,WORKSTATION,WORKSTATION,PMO,Department of Atomic Energy,,1,1,0,2026-09-22 12:36,2026-10-15 14:00,https://bidplus.gem.gov.in/showbidDocument/9770539,2026-09-25
GEM/2026/B/8066861,Laptop,Entry and Mid Level Laptop - Notebook,Entry and Mid Level Laptop - Notebook,,Higher Education Department Kerala,Kerala,14,1,0,2026-09-22 12:35,2026-10-03 18:00,https://bidplus.gem.gov.in/showbidDocument/9927747,2026-09-28
GEM/2026/B/8066776,Laptop,Entry and Mid Level Laptop - Notebook,Entry and Mid Level Laptop - Notebook,,Local Self Government Department Kerala,Kerala,2,1,0,2026-09-22 12:34,2026-10-03 13:00,https://bidplus.gem.gov.in/showbidDocument/9927655,2026-09-28
GEM/2026/B/8066621,Server,Server or Network Rack (V2),Server or Network Rack (V2),,Labour and Employment Department Gujarat,Gujarat,1,1,0,2026-09-22 12:33,2026-10-13 13:00,https://bidplus.gem.gov.in/showbidDocument/9927490,2026-09-28
GEM/2026/B/8065965,Desktop,Entry and Mid Level Desktop Computer,Entry and Mid Level Desktop Computer,,Employment Department Haryana,Haryana,6,1,0,2026-09-22 12:22,2026-10-03 11:00,https://bidplus.gem.gov.in/showbidDocument/9926743,2026-09-22
GEM/2026/B/8066994,Desktop,Entry and Mid Level Desktop Computer,Entry and Mid Level Desktop Computer,,Local Self Government Department Kerala,Kerala,1,1,0,2026-09-22 12:20,2026-10-03 13:00,https://bidplus.gem.gov.in/showbidDocument/9927899,2026-09-22
GEM/2026/B/8065979,All-in-One PC,High End Desktop Computer | All in One PC (V2),"High End Desktop Computer,All in One PC (V2)","Ministry of Ports, Shipping and Waterways",NA,,8,2,1,2026-09-22 12:19,2026-10-08 12:00,https://bidplus.gem.gov.in/showbidDocument/9926758,2026-09-22
GEM/2026/B/8066803,Desktop,Entry and Mid Level Desktop Computer,"Entry and Mid Level Desktop Computer,A4 and Legal Size Multifunction Printer (MFP)",Ministry of Defence,Department of Military Affairs,,3,2,1,2026-09-22 12:15,2026-09-25 13:00,https://bidplus.gem.gov.in/showbidDocument/9927685,2026-09-22
GEM/2026/B/8066437,All-in-One PC,All in One PC (V2),All in One PC (V2),Ministry of Defence,Department of Military Affairs,,3,1,0,2026-09-22 12:09,2026-10-05 11:00,https://bidplus.gem.gov.in/showbidDocument/9927283,2026-09-22
GEM/2026/B/7965528,Desktop,High End Desktop Computer,High End Desktop Computer,PMO,Department of Atomic Energy,,3,1,0,2026-09-22 12:06,2026-10-07 14:00,https://bidplus.gem.gov.in/showbidDocument/9811202,2026-09-22
GEM/2026/B/8064718,Desktop,Entry and Mid Level Desktop Computer,Entry and Mid Level Desktop Computer,Ministry of Railways,Indian Railways,,10,1,0,2026-09-22 11:59,2026-10-03 14:00,https://bidplus.gem.gov.in/showbidDocument/9925268,2026-09-22
GEM/2026/B/8066752,Laptop,Entry and Mid Level Laptop - Notebook,Entry and Mid Level Laptop - Notebook,,Local Self Government Department Kerala,Kerala,17,1,0,2026-09-22 11:58,2026-10-03 21:00,https://bidplus.gem.gov.in/showbidDocument/9927627,2026-09-22
GEM/2026/B/8066595,Laptop,Laptops and Peripherals - Desktop PC; hp,"Annual Maintenance Service - Desktops,  Laptops and Peripherals - Desktop PC; hp",Ministry of Railways,Indian Railways,,27,2,1,2026-09-22 11:53,2026-10-03 12:00,https://bidplus.gem.gov.in/showbidDocument/9927458,2026-09-28
GEM/2026/B/7948762,Laptop,Intel Series 2 based convertible Laptop,"Snapdragon X Plus Chip based Tablet,Intel Series 2 based convertible Laptop",Ministry of Defence,Department of Military Affairs,,8,2,1,2026-09-22 11:48,2026-10-03 12:00,https://bidplus.gem.gov.in/showbidDocument/9791566,2026-09-22
GEM/2026/B/8040354,Desktop,Entry and Mid Level Desktop Computer,Entry and Mid Level Desktop Computer,Ministry of Information and Broadcasting,Ministry of Information and Broadcasting,,2,1,0,2026-09-22 11:34,2026-10-03 16:00,https://bidplus.gem.gov.in/showbidDocument/9897368,2026-09-22
GEM/2026/B/8062579,All-in-One PC,All in One PC (V2) | High End Laptop - Notebook,"All in One PC (V2),High End Laptop - Notebook",,Higher Education Department Jammu and Kashmir,Jammu & Kashmir,115,2,1,2026-09-22 11:30,2026-10-12 14:00,https://bidplus.gem.gov.in/showbidDocument/9922837,2026-09-22
GEM/2026/B/7870817,Laptop,Entry and Mid Level Laptop - Notebook,Entry and Mid Level Laptop - Notebook,,Finance Department Jammu and Kashmir,Jammu & Kashmir,3,1,0,2026-09-22 11:25,2026-10-03 18:00,https://bidplus.gem.gov.in/showbidDocument/9702665,2026-09-22
GEM/2026/B/7957207,Server,Window Server 2025 Standard,"Window Server 2025 Standard,Procurement of Microsoft Office Professional Plus 2024",Ministry of Defence,Department of Military Affairs,,32,2,1,2026-09-22 11:24,2026-10-13 12:00,https://bidplus.gem.gov.in/showbidDocument/9801619,2026-09-22
GEM/2026/B/8002192,Desktop,Entry and Mid Level Desktop Computer,"Entry and Mid Level Desktop Computer,A4 and Legal Size Multifunction Printer (MFP),Line Interactive",Ministry of Defence,Department of Military Affairs,,6,3,1,2026-09-22 11:22,2026-10-03 12:00,https://bidplus.gem.gov.in/showbidDocument/9853349,2026-09-22
GEM/2026/B/7973214,Laptop,512GB (Laptop/ Notebook),"13-inch, 10-core CPU and 10-core GPU, 16GB Unified Memory, 512GB (Laptop/ Notebook),OS windows 11 H",Ministry of Defence,Department of Military Affairs,,4,5,1,2026-09-22 11:19,2026-10-03 12:00,https://bidplus.gem.gov.in/showbidDocument/9820153,2026-09-22
GEM/2026/B/8065942,Desktop,Entry and Mid Level Desktop Computer,Entry and Mid Level Desktop Computer,,Agriculture and Co-operation Department Gujarat,Gujarat,41,1,0,2026-09-22 11:10,2026-10-13 11:00,https://bidplus.gem.gov.in/showbidDocument/9926717,2026-09-22
GEM/2026/B/8066216,Laptop,Laptop,Laptop,Ministry of Education,Department of Higher Education,,1,1,0,2026-09-22 11:08,2026-10-13 12:00,https://bidplus.gem.gov.in/showbidDocument/9927026,2026-09-22
GEM/2026/B/8066048,Laptop,High End Laptop - Notebook,High End Laptop - Notebook,,Revenue Department Uttarakhand,Uttarakhand,75,1,0,2026-09-22 11:07,2026-10-03 11:00,https://bidplus.gem.gov.in/showbidDocument/9926832,2026-09-22
GEM/2026/B/8041730,Desktop,Entry and Mid Level Desktop Computer,Entry and Mid Level Desktop Computer,PMO,Department of Atomic Energy,,1,1,0,2026-09-22 11:01,2026-10-03 11:00,https://bidplus.gem.gov.in/showbidDocument/9898998,2026-09-22
GEM/2026/B/8028831,Laptop,Laptops and Peripherals - As per Part V of RFP; As per Part,"Annual Maintenance Service - Desktops,  Laptops and Peripherals - As per Part V of RFP; As per Part",Ministry of Defence,Department of Defence Research & Development,,11,2,1,2026-09-22 10:51,2026-10-13 10:00,https://bidplus.gem.gov.in/showbidDocument/9883840,2026-09-28
GEM/2026/B/8061899,Desktop,Entry and Mid Level Desktop Computer,Entry and Mid Level Desktop Computer,Ministry of Railways,Railways Public Sector Undertakings,,3,1,0,2026-09-22 10:49,2026-10-03 11:00,https://bidplus.gem.gov.in/showbidDocument/9922029,2026-09-22
GEM/2026/B/8052567,Laptop,Laptops and Peripherals - Desktop PC; hp,"Annual Maintenance Service - Desktops,  Laptops and Peripherals - Desktop PC; hp,Annual Maintenance",Ministry of Information and Broadcasting,Ministry of Information and Broadcasting,,20,3,1,2026-09-22 10:47,2026-10-07 16:00,https://bidplus.gem.gov.in/showbidDocument/9911241,2026-09-28
GEM/2026/B/8060239,Laptop,High End Laptop - Notebook,High End Laptop - Notebook,,Technical Education Training and Skill Development Department West Bengal,West Bengal,10,1,0,2026-09-22 10:46,2026-10-07 11:00,https://bidplus.gem.gov.in/showbidDocument/9919947,2026-09-22
GEM/2026/B/8047367,All-in-One PC,Entry and Mid Level Desktop Computer | All in One PC (V2),"Entry and Mid Level Desktop Computer,All in One PC (V2),A4 and Legal Size Multifunction Printer (MF",,Public Health Engineering Department Haryana,Haryana,5,3,1,2026-09-22 10:22,2026-10-03 15:00,https://bidplus.gem.gov.in/showbidDocument/9905390,2026-09-22
GEM/2026/B/8006374,Desktop,High End Desktop Computer,High End Desktop Computer,Ministry of Education,Department of Higher Education,,30,1,0,2026-09-22 10:21,2026-10-13 12:00,https://bidplus.gem.gov.in/showbidDocument/9858300,2026-09-22
GEM/2026/B/8055224,Laptop,PROCUREMENT OF DEVICE/ NOTEBOOK AND SIMILAR DEVICES,PROCUREMENT OF DEVICE/ NOTEBOOK AND SIMILAR DEVICES,Ministry of Defence,Department of Military Affairs,,1,1,0,2026-09-22 10:20,2026-10-03 10:00,https://bidplus.gem.gov.in/showbidDocument/9914209,2026-09-22
GEM/2026/B/8035864,All-in-One PC,Laptops and Peripherals - All In One PC; Dell,"Annual Maintenance Service - Desktops,  Laptops and Peripherals - All In One PC; Dell,Annual Mainte",Ministry of Housing & Urban Affairs (MoHUA),HOUSING AND URBAN DEVELOPMENT CORPORATION LTD,,38,3,1,2026-09-22 10:03,2026-10-07 10:00,https://bidplus.gem.gov.in/showbidDocument/9892171,2026-09-28
GEM/2026/B/8051951,Server,HETEROGENEOUS ACCELERATOR TESTBED SERVER | DEDICATED TRAFFIC GENERATOR SERVER,"HETEROGENEOUS ACCELERATOR TESTBED SERVER,DEDICATED TRAFFIC GENERATOR SERVER,GPU CARD,smartNIC",Ministry of Education,Department of Higher Education,,5,4,1,2026-09-22 09:43,2026-10-13 10:00,https://bidplus.gem.gov.in/showbidDocument/9910553,2026-09-22
GEM/2026/B/8060917,Laptop,High End Laptop - Notebook | High End Laptop - Notebook,"High End Laptop - Notebook,High End Laptop - Notebook",Ministry of Defence,Department of Military Affairs,,2,2,1,2026-09-22 09:39,2026-10-01 10:00,https://bidplus.gem.gov.in/showbidDocument/9920783,2026-09-22
GEM/2026/B/8052747,Laptop,Window Based Laptop and Similar Deivce,Window Based Laptop and Similar Deivce,Ministry of Defence,Department of Military Affairs,,2,1,0,2026-09-22 09:32,2026-10-03 10:00,https://bidplus.gem.gov.in/showbidDocument/9911432,2026-09-22
GEM/2026/B/8065569,Laptop,High End Laptop - Notebook,High End Laptop - Notebook,Ministry of Defence,Department of Military Affairs,,1,1,0,2026-09-22 07:42,2026-10-03 09:00,https://bidplus.gem.gov.in/showbidDocument/9926255,2026-09-22
GEM/2026/B/8065422,Laptop,Laptop | Laptop Screen Guard,"Laptop,Laptop Bag,Laptop Cover,Laptop Screen Guard,Silicone Keyguard for fey board",Ministry of Defence,Department of Military Affairs,,5,5,1,2026-09-21 21:21,2026-10-03 09:00,https://bidplus.gem.gov.in/showbidDocument/9926095,2026-09-28
GEM/2026/B/7990069,Desktop,desktop pc i7,"desktop pc i7,MFD,Local area netwroking",Ministry of Defence,Department of Military Affairs,,5,3,1,2026-09-21 20:45,2026-10-01 21:00,https://bidplus.gem.gov.in/showbidDocument/9839537,2026-09-22
GEM/2026/B/8062195,Desktop,Entry and Mid Level Desktop Computer,Entry and Mid Level Desktop Computer,,Panchayats and Rural Housing Department Gujarat,Gujarat,19,1,0,2026-09-21 20:34,2026-10-06 13:00,https://bidplus.gem.gov.in/showbidDocument/9922384,2026-09-22
GEM/2026/B/8065360,Desktop,RAM 16 GB DDR4 DESKTOP PC,"RAM 16 GB ALL IN ONE,RAM 16 GB DDR4 DESKTOP PC,MOTHER BOARD 610,PROCESSOR I7 12 GEN,CMOS BTY",Ministry of Defence,Department of Military Affairs,,8,5,1,2026-09-21 20:25,2026-10-01 21:00,https://bidplus.gem.gov.in/showbidDocument/9926023,2026-09-22
GEM/2026/B/8062276,Desktop,Entry and Mid Level Desktop Computer,Entry and Mid Level Desktop Computer,,Panchayats and Rural Housing Department Gujarat,Gujarat,15,1,0,2026-09-21 20:24,2026-10-06 13:00,https://bidplus.gem.gov.in/showbidDocument/9922481,2026-09-22
GEM/2026/B/8048621,Laptop,Laptop or notebook or similar device,Laptop or notebook or similar device,Ministry of Defence,Department of Military Affairs,,1,1,0,2026-09-21 20:05,2026-10-01 21:00,https://bidplus.gem.gov.in/showbidDocument/9906792,2026-09-22
GEM/2026/B/8065289,Laptop,Laptop with 10 Core CPU,Laptop with 10 Core CPU,Ministry of Defence,Department of Military Affairs,,4,1,0,2026-09-21 19:58,2026-10-01 20:00,https://bidplus.gem.gov.in/showbidDocument/9925933,2026-09-22
GEM/2026/B/8065185,Laptop,LAPTOP WITH 512GB HARD DRIVE,LAPTOP WITH 512GB HARD DRIVE,Ministry of Defence,Department of Military Affairs,,2,1,0,2026-09-21 19:50,2026-10-01 20:00,https://bidplus.gem.gov.in/showbidDocument/9925811,2026-09-22
GEM/2026/B/8052441,Laptop,PROC OF LAPTOP/ NOTEBOOK AND SIMILAR DEVICES FOR OFFRS OF 14 CORPS OP SIG REGT,PROC OF LAPTOP/ NOTEBOOK AND SIMILAR DEVICES FOR OFFRS OF 14 CORPS OP SIG REGT,Ministry of Defence,Department of Military Affairs,,2,1,0,2026-09-21 19:47,2026-10-12 20:00,https://bidplus.gem.gov.in/showbidDocument/9911100,2026-09-22
GEM/2026/B/8013671,Laptop,LAPTOP AMD RYZEN,"LAPTOP AMD RYZEN,Smartphone Pro",Ministry of Defence,Department of Military Affairs,,3,2,1,2026-09-21 19:45,2026-10-01 20:00,https://bidplus.gem.gov.in/showbidDocument/9866633,2026-09-22
GEM/2026/B/8018950,Laptop,Laptop,"Laptop,Tablet",Ministry of Defence,Department of Military Affairs,,3,2,1,2026-09-21 18:52,2026-10-13 19:00,https://bidplus.gem.gov.in/showbidDocument/9872546,2026-09-22
GEM/2026/B/8064972,Desktop,Entry and Mid Level Desktop Computer,"Entry and Mid Level Desktop Computer,Computer Printer (V2)",,Panchayats and Rural Housing Department Gujarat,Gujarat,24,2,1,2026-09-21 18:33,2026-10-06 19:00,https://bidplus.gem.gov.in/showbidDocument/9925566,2026-09-22
GEM/2026/B/7885061,Desktop,High End Desktop Computer,High End Desktop Computer,Ministry of Power,Hydro Power,,14,1,0,2026-09-21 18:16,2026-10-05 11:00,https://bidplus.gem.gov.in/showbidDocument/9718763,2026-09-22
GEM/2026/B/8044480,All-in-One PC,High End Laptop - Notebook | All in One PC (V2),"High End Laptop - Notebook,All in One PC (V2)",,Revenue and Forest Department Maharashtra,Maharashtra,4,2,1,2026-09-21 18:06,2026-10-01 19:00,https://bidplus.gem.gov.in/showbidDocument/9902172,2026-09-22
GEM/2026/B/8050060,Desktop,Entry and Mid Level Desktop Computer,Entry and Mid Level Desktop Computer,,Information Technology Department Puducherry,Puducherry,8,1,0,2026-09-21 18:04,2026-10-01 19:00,https://bidplus.gem.gov.in/showbidDocument/9908368,2026-09-22
GEM/2026/B/8044653,All-in-One PC,All in One PC (V2) | High End Laptop - Notebook,"All in One PC (V2),High End Laptop - Notebook,A4 and Legal Size Multifunction Printer (MFP)",,Revenue and Forest Department Maharashtra,Maharashtra,9,3,1,2026-09-21 17:59,2026-10-01 18:00,https://bidplus.gem.gov.in/showbidDocument/9902359,2026-09-22
GEM/2026/B/8058212,Desktop,Entry and Mid Level Desktop Computer,Entry and Mid Level Desktop Computer,,Panchayats and Rural Housing Department Gujarat,Gujarat,4,1,0,2026-09-21 17:56,2026-10-01 18:00,https://bidplus.gem.gov.in/showbidDocument/9917690,2026-09-22
GEM/2026/B/8028783,Desktop,Digital Forensic Workstation,Digital Forensic Workstation,,Home Prohibition and Excise Department Tamil Nadu,Tamil Nadu,22,1,0,2026-09-21 17:43,2026-10-01 18:00,https://bidplus.gem.gov.in/showbidDocument/9883784,2026-09-22
GEM/2026/B/8064763,Desktop,Assembled Desktop CPU Only(R5,"Assembled Desktop CPU Only(R5, 16GB. 512Gb, Cabinet, SMPS MotherBoard)",Ministry of Defence,Department of Defence,,1,4,1,2026-09-21 17:42,2026-10-01 18:00,https://bidplus.gem.gov.in/showbidDocument/9925322,2026-09-22
GEM/2026/B/8044461,Desktop,Supply and Installation of Computer Workstation,Supply and Installation of Computer Workstation,Ministry of Education,Department of Higher Education,,2,1,0,2026-09-21 17:42,2026-10-12 19:00,https://bidplus.gem.gov.in/showbidDocument/9902149,2026-09-22
GEM/2026/B/8064164,Server,Servers (V2),Servers (V2),Ministry of Finance,Department of Financial Services,,1,1,0,2026-09-21 17:33,2026-10-05 16:00,https://bidplus.gem.gov.in/showbidDocument/9924628,2026-09-22
GEM/2026/B/7996664,Desktop,High End Desktop Computer,High End Desktop Computer,PMO,Department of Atomic Energy,,12,1,0,2026-09-21 17:23,2026-10-05 14:00,https://bidplus.gem.gov.in/showbidDocument/9847042,2026-09-22
GEM/2026/B/8062520,Desktop,Entry and Mid Level Desktop Computer,Entry and Mid Level Desktop Computer,"Ministry of Ports, Shipping and Waterways",NA,,25,1,0,2026-09-21 17:20,2026-10-06 15:00,https://bidplus.gem.gov.in/showbidDocument/9922766,2026-09-22
GEM/2026/B/8064314,Laptop,13 INCH 512 GB (LAPTOP),"13 INCH 512 GB (LAPTOP),13 INCH 128 GB WI-FI (TABLET)",Ministry of Defence,Department of Military Affairs,,5,2,1,2026-09-21 17:14,2026-10-01 18:00,https://bidplus.gem.gov.in/showbidDocument/9924805,2026-09-22
GEM/2026/B/8019021,Server,Servers (V2),"Servers (V2),data wall display",Ministry of Housing & Urban Affairs (MoHUA),Ministry of Housing and Urban Affairs,,3,2,1,2026-09-21 17:03,2026-10-13 15:00,https://bidplus.gem.gov.in/showbidDocument/9872626,2026-09-22
GEM/2026/B/8014969,Server,Enterprise Rack Servers,Enterprise Rack Servers,Ministry of Petroleum and Natural Gas,INDIAN OIL CORPORATION LIMITED,,8,1,0,2026-09-21 16:33,2026-10-06 16:00,https://bidplus.gem.gov.in/showbidDocument/9868108,2026-09-22
GEM/2026/B/8062487,Desktop,Facility Management Services - LumpSum Based - Supply of; 8 Nos Branded Desktop Computers 21 Nos Li,Facility Management Services - LumpSum Based - Supply of; 8 Nos Branded Desktop Computers 21 Nos Li,,Health and Family Welfare Department Tripura,Tripura,1,1,0,2026-09-21 16:29,2026-10-01 17:00,https://bidplus.gem.gov.in/showbidDocument/9922730,2026-09-22
GEM/2026/B/8060604,All-in-One PC,High End Desktop Computer | All in One PC (V2),"High End Desktop Computer,A4 and Legal Size Multifunction Printer (MFP),All in One PC (V2),High End",,Forest Department Madhya Pradesh,Madhya Pradesh,25,4,1,2026-09-21 16:20,2026-10-01 18:00,https://bidplus.gem.gov.in/showbidDocument/9920367,2026-09-22
GEM/2026/B/8045829,All-in-One PC,All in One PC (V2) | High End Laptop - Notebook,"All in One PC (V2),A4 and Legal Size Multifunction Printer (MFP),High End Laptop - Notebook",,Forest Department Madhya Pradesh,Madhya Pradesh,21,3,1,2026-09-21 16:18,2026-10-01 18:00,https://bidplus.gem.gov.in/showbidDocument/9903655,2026-09-22
GEM/2026/B/8038707,Desktop,High End Desktop Computer,High End Desktop Computer,Ministry of Education,Department of Higher Education,,25,1,0,2026-09-21 16:13,2026-10-12 16:00,https://bidplus.gem.gov.in/showbidDocument/9895518,2026-09-22
GEM/2026/B/8062271,Desktop,Entry and Mid Level Desktop Computer,Entry and Mid Level Desktop Computer,Ministry of Railways,Indian Railways,,4,1,0,2026-09-21 16:06,2026-10-05 10:00,https://bidplus.gem.gov.in/showbidDocument/9922476,2026-09-22
GEM/2026/B/8063768,Laptop,Entry and Mid Level Laptop - Notebook,Entry and Mid Level Laptop - Notebook,,Women and Child Development Department,,1,1,0,2026-09-21 16:05,2026-10-01 17:00,https://bidplus.gem.gov.in/showbidDocument/9924176,2026-09-22
GEM/2026/B/8063014,Desktop,Entry and Mid Level Desktop Computer,Entry and Mid Level Desktop Computer,,Home Department Madhya Pradesh,Madhya Pradesh,11,1,0,2026-09-21 16:04,2026-10-01 17:00,https://bidplus.gem.gov.in/showbidDocument/9923345,2026-09-22
GEM/2026/B/8043272,Laptop,Windows Based Laptop,Windows Based Laptop,Ministry of Defence,Department of Military Affairs,,2,1,0,2026-09-21 15:59,2026-10-05 16:00,https://bidplus.gem.gov.in/showbidDocument/9900806,2026-09-22
GEM/2026/B/8063495,Desktop,High End Desktop Computer,High End Desktop Computer,,Medical Education & Research Department Haryana,Haryana,130,1,0,2026-09-21 15:55,2026-10-12 17:00,https://bidplus.gem.gov.in/showbidDocument/9923869,2026-09-22
GEM/2026/B/8063669,Desktop,High End Desktop Computer,High End Desktop Computer,Ministry of Finance,Department of Revenue,,1,1,0,2026-09-21 15:52,2026-09-28 16:00,https://bidplus.gem.gov.in/showbidDocument/9924062,2026-09-22
GEM/2026/B/8063679,Desktop,High End Desktop Computer | High End Desktop Computer,"High End Desktop Computer,High End Desktop Computer",Ministry of Defence,Department of Defence Research & Development,,3,2,1,2026-09-21 15:51,2026-09-28 16:00,https://bidplus.gem.gov.in/showbidDocument/9924073,2026-09-22
GEM/2026/B/8063442,Desktop,Desktop Computer I5,Desktop Computer I5,Ministry of Defence,Department of Defence,,1,1,0,2026-09-21 15:20,2026-10-01 16:00,https://bidplus.gem.gov.in/showbidDocument/9923811,2026-09-22
GEM/2026/B/8060955,Laptop,Entry and Mid Level Laptop - Notebook | High End Desktop Computer,"Entry and Mid Level Laptop - Notebook,High End Desktop Computer",Comptroller and Auditor General (CAG) of India,NA,,8,2,1,2026-09-21 15:13,2026-10-01 16:00,https://bidplus.gem.gov.in/showbidDocument/9920840,2026-09-22
GEM/2026/B/8063162,Laptop,High End Laptop - Notebook,High End Laptop - Notebook,,Agriculture and Co-operation Department Gujarat,Gujarat,1,1,0,2026-09-21 15:11,2026-10-12 15:00,https://bidplus.gem.gov.in/showbidDocument/9923508,2026-09-22
GEM/2026/B/8044258,Desktop,Fixed Computer Workstation (V2),Fixed Computer Workstation (V2),Ministry of Home Affairs,Central Police Organisation,,2,1,0,2026-09-21 15:10,2026-10-01 14:00,https://bidplus.gem.gov.in/showbidDocument/9901930,2026-09-22
GEM/2026/B/8062973,Laptop,High End Laptop - Notebook | High End Desktop Computer,"High End Laptop - Notebook,High End Desktop Computer,Line Interactive UPS with AVR (V2)",,Panchayat and Rural Development Department West Bengal,West Bengal,3,3,1,2026-09-21 15:05,2026-10-01 16:00,https://bidplus.gem.gov.in/showbidDocument/9923294,2026-09-28
GEM/2026/B/7878397,All-in-One PC,All in One PC (V2) | Entry and Mid Level Desktop Computer,"All in One PC (V2),Entry and Mid Level Desktop Computer,A4 and Legal Size Multifunction Printer (MF",,"Municipal Corporation, Chandigarh",Chandigarh,405,3,1,2026-09-21 14:59,2026-10-13 15:00,https://bidplus.gem.gov.in/showbidDocument/9711222,2026-09-22
GEM/2026/B/8024409,Server,Server with Xeon 6315P 4 core,"Server with Xeon 6315P 4 core, 2.8 Ghz, 32 GB Ram, 1tb HDD, Monitor 21.8 inch keyboard and mouse",Ministry of Defence,Department of Military Affairs,,1,5,1,2026-09-21 14:55,2026-10-03 15:00,https://bidplus.gem.gov.in/showbidDocument/9878819,2026-09-28
GEM/2026/B/8063035,Desktop,High End Desktop Computer,High End Desktop Computer,,Higher Education Department Uttarakhand,Uttarakhand,30,1,0,2026-09-21 14:48,2026-10-01 15:00,https://bidplus.gem.gov.in/showbidDocument/9923366,2026-09-22
GEM/2026/B/8059943,Desktop,Entry and Mid Level Desktop Computer,Entry and Mid Level Desktop Computer,Ministry of Defence,Department of Military Affairs,,6,1,0,2026-09-21 14:42,2026-09-29 19:00,https://bidplus.gem.gov.in/showbidDocument/9919623,2026-09-22
GEM/2026/B/8062951,Desktop,Entry and Mid Level Desktop Computer,Entry and Mid Level Desktop Computer,,Technical Education and Industrial Training Department Punjab,Punjab,30,1,0,2026-09-21 14:42,2026-10-01 20:00,https://bidplus.gem.gov.in/showbidDocument/9923270,2026-09-22
GEM/2026/B/8040330,Desktop,Entry and Mid Level Desktop Computer,Entry and Mid Level Desktop Computer,,Health and Family Welfare Department Delhi,Delhi,1,1,0,2026-09-21 14:31,2026-10-01 15:00,https://bidplus.gem.gov.in/showbidDocument/9897340,2026-09-22
GEM/2026/B/8042092,Desktop,High End Desktop Computer,High End Desktop Computer,Ministry of Electronics and Information Technology,Department of Electronics and Information Technology,,20,1,0,2026-09-21 14:31,2026-10-12 15:00,https://bidplus.gem.gov.in/showbidDocument/9899422,2026-09-22
GEM/2026/B/8062666,Desktop,Entry and Mid Level Desktop Computer,Entry and Mid Level Desktop Computer,Ministry of Commerce and Industry,Department of Commerce,,3,1,0,2026-09-21 14:29,2026-10-01 15:00,https://bidplus.gem.gov.in/showbidDocument/9922942,2026-09-22
GEM/2026/B/7952947,Desktop,High End Desktop Computer,High End Desktop Computer,Ministry of Defence,Department of Military Affairs,,20,1,0,2026-09-21 14:26,2026-10-12 15:00,https://bidplus.gem.gov.in/showbidDocument/9796471,2026-09-22
GEM/2026/B/7982487,Desktop,High End Workstation as per attached specifications,High End Workstation as per attached specifications,PMO,Department of Atomic Energy,,2,1,0,2026-09-21 14:21,2026-10-13 14:00,https://bidplus.gem.gov.in/showbidDocument/9831078,2026-09-22
GEM/2026/B/8057868,Desktop,Entry and Mid Level Desktop Computer,Entry and Mid Level Desktop Computer,Ministry of Defence,Department of Defence,,1,1,0,2026-09-21 14:15,2026-09-24 15:00,https://bidplus.gem.gov.in/showbidDocument/9917309,2026-09-22
GEM/2026/B/8062610,All-in-One PC,High End Desktop Computer | All in One PC (V2),"High End Desktop Computer,All in One PC (V2),A4 and Legal Size Multifunction Printer (MFP),Line Int",,Forest Department Madhya Pradesh,Madhya Pradesh,13,4,1,2026-09-21 14:12,2026-10-05 14:00,https://bidplus.gem.gov.in/showbidDocument/9922873,2026-09-22
GEM/2026/B/8062752,Laptop,high performance workstation | HI end field Laptop with dedicated gpu,"high performance workstation,HI end field Laptop with dedicated gpu,power adaptor,ruggedmobile work",Ministry of Electronics and Information Technology,Department of Electronics and Information Technology,,18,4,1,2026-09-21 14:07,2026-10-13 14:00,https://bidplus.gem.gov.in/showbidDocument/9923037,2026-09-22
GEM/2026/B/8038483,Laptop,High End Laptop - Notebook,High End Laptop - Notebook,Ministry of Railways,Indian Railways,,1,1,0,2026-09-21 14:03,2026-10-12 11:00,https://bidplus.gem.gov.in/showbidDocument/9895255,2026-09-22
GEM/2026/B/8062213,Laptop,Entry and Mid Level Laptop - Notebook,Entry and Mid Level Laptop - Notebook,,Revenue and Forest Department Maharashtra,Maharashtra,35,1,0,2026-09-21 13:52,2026-10-06 14:00,https://bidplus.gem.gov.in/showbidDocument/9922403,2026-09-22
GEM/2026/B/7907814,All-in-One PC,Entry and Mid Level Laptop - Notebook | All in One PC (V2),"Entry and Mid Level Laptop - Notebook,All in One PC (V2)",Ministry of Communications,Department of Posts,,23,2,1,2026-09-21 13:19,2026-10-12 18:00,https://bidplus.gem.gov.in/showbidDocument/9744893,2026-09-22
GEM/2026/B/8062371,Laptop,High End Laptop - Notebook,High End Laptop - Notebook,,General Administration and Administrative Reforms Department Haryana,Haryana,4,1,0,2026-09-21 13:19,2026-10-01 14:00,https://bidplus.gem.gov.in/showbidDocument/9922597,2026-09-22
GEM/2026/B/8060110,Laptop,HIGHEND LAPTOP AI POWERED,HIGHEND LAPTOP AI POWERED,Ministry of Defence,Department of Military Affairs,,1,1,0,2026-09-21 13:17,2026-10-01 14:00,https://bidplus.gem.gov.in/showbidDocument/9919810,2026-09-22
GEM/2026/B/8020952,Desktop,Entry and Mid Level Desktop Computer,Entry and Mid Level Desktop Computer,Ministry of External Affairs,NA,,2,1,0,2026-09-21 13:16,2026-10-01 14:00,https://bidplus.gem.gov.in/showbidDocument/9874862,2026-09-22
GEM/2026/B/8062103,Laptop,Entry and Mid Level Laptop - Notebook,Entry and Mid Level Laptop - Notebook,,Rural Development and Panchayat Raj Department Tamil Nadu,Tamil Nadu,1,1,0,2026-09-21 13:16,2026-10-01 14:00,https://bidplus.gem.gov.in/showbidDocument/9922283,2026-09-22
GEM/2026/B/8025299,Laptop,Entry and Mid Level Laptop - Notebook,Entry and Mid Level Laptop - Notebook,Comptroller and Auditor General (CAG) of India,NA,,5,1,0,2026-09-21 12:54,2026-10-01 16:00,https://bidplus.gem.gov.in/showbidDocument/9879870,2026-09-22
GEM/2026/B/8061951,Laptop,High End Laptop - Notebook,High End Laptop - Notebook,Ministry of Health and Family Welfare,Department of Health and Family Welfare,,1,1,0,2026-09-21 12:45,2026-10-01 13:00,https://bidplus.gem.gov.in/showbidDocument/9922092,2026-09-22
GEM/2026/B/8037350,All-in-One PC,All in One PC (V2) | Entry and Mid Level Laptop - Notebook,"All in One PC (V2),Entry and Mid Level Laptop - Notebook,Computer Printer (V2)",,Water Resources Department,,14,3,1,2026-09-21 11:47,2026-10-12 12:00,https://bidplus.gem.gov.in/showbidDocument/9893969,2026-09-22
GEM/2026/B/8046589,Server,Servers (V2),Servers (V2),Ministry of Education,Department of Higher Education,,1,1,0,2026-09-21 11:09,2026-10-12 12:00,https://bidplus.gem.gov.in/showbidDocument/9904517,2026-09-22
GEM/2026/B/8017387,Server,Procurement of HDDs for Storage capacity expansion of HCI Servers (DELL EMC),Procurement of HDDs for Storage capacity expansion of HCI Servers (DELL EMC),Ministry of Education,Department of Higher Education,,4,1,0,2026-09-21 11:03,2026-10-12 12:00,https://bidplus.gem.gov.in/showbidDocument/9870804,2026-09-22
GEM/2026/B/8016470,Desktop,High performance Workstation with 32 GB DDR5 4400 MT/s RAM,"High performance Workstation with 32 GB DDR5 4400 MT/s RAM, 2TB SATA HDD, 8GB Blackwell G",PMO,Department of Atomic Energy,,6,3,1,2026-09-21 10:23,2026-10-12 11:00,https://bidplus.gem.gov.in/showbidDocument/9869793,2026-09-22
GEM/2026/B/8060799,Desktop,Mobile workstation,Mobile workstation,Ministry of Education,Department of Higher Education,,2,1,0,2026-09-20 22:04,2026-10-12 14:00,https://bidplus.gem.gov.in/showbidDocument/9920602,2026-09-28
GEM/2026/B/8060807,Desktop,Medium performance mobile / desktop workstation,Medium performance mobile / desktop workstation,Ministry of Education,Department of Higher Education,,1,1,0,2026-09-20 21:32,2026-10-12 14:00,https://bidplus.gem.gov.in/showbidDocument/9920611,2026-09-28
GEM/2026/B/8060653,Desktop,Workstation,"Infrared Thermometer,EC Meter,Water Flow Meter,Tissue Lyser,Workstation",Ministry of Agriculture and Farmers Welfare,Department of Agricultural Research and Education (DARE),,5,5,1,2026-09-20 16:32,2026-10-12 17:00,https://bidplus.gem.gov.in/showbidDocument/9920419,2026-09-22
GEM/2026/B/8055921,Laptop,HP Laptop Intel Core 5-120U,"HP Laptop Intel Core 5-120U, 8 GB DDR5 RAM, 512 GB SSD,iPhone 17 Pro 256GB",Ministry of Defence,Department of Military Affairs,,2,4,1,2026-09-20 12:05,2026-10-09 19:00,https://bidplus.gem.gov.in/showbidDocument/9914995,2026-09-22
GEM/2026/B/8060100,Laptop,Intel Core processor i7 High End Laptop,Intel Core processor i7 High End Laptop,Ministry of Defence,Department of Military Affairs,,1,1,0,2026-09-20 11:28,2026-09-30 12:00,https://bidplus.gem.gov.in/showbidDocument/9919799,2026-09-22
GEM/2026/B/8029442,Laptop,flip laptop | LAPTOP ULTRA SERIES,"flip laptop,LAPTOP ULTRA SERIES,SMARTPHONE FOLD",Ministry of Defence,Department of Military Affairs,,3,3,1,2026-09-19 19:06,2026-09-29 20:00,https://bidplus.gem.gov.in/showbidDocument/9884546,2026-09-22
GEM/2026/B/8059900,Laptop,High End Laptop - Notebook,High End Laptop - Notebook,Ministry of Defence,Department of Military Affairs,,3,1,0,2026-09-19 18:59,2026-10-05 19:00,https://bidplus.gem.gov.in/showbidDocument/9919566,2026-09-22
GEM/2026/B/8059812,Laptop,PROCUREMENT OF LAPTOPS NOTEBOOKS OR SIMILAR DEVICES,PROCUREMENT OF LAPTOPS NOTEBOOKS OR SIMILAR DEVICES,Ministry of Defence,Department of Military Affairs,,2,1,0,2026-09-19 18:44,2026-09-29 21:00,https://bidplus.gem.gov.in/showbidDocument/9919460,2026-09-22
GEM/2026/B/8024435,Laptop,High End Laptop - Notebook,High End Laptop - Notebook,,General Administration Department Gujarat,Gujarat,1,1,0,2026-09-19 17:21,2026-09-29 18:00,https://bidplus.gem.gov.in/showbidDocument/9878854,2026-09-22
GEM/2026/B/8059280,Server,SERVER WITH H200 GPU FOR AI & ML USE AS PER TENDER SPECIFICATIONS | GPU SERVERS WITH HCI,"SERVER WITH H200 GPU FOR AI & ML USE AS PER TENDER SPECIFICATIONS,GPU SERVERS WITH HCI, 512GB RAM, ",Ministry of Petroleum and Natural Gas,Materials Department,,2,3,1,2026-09-19 16:28,2026-10-10 15:00,https://bidplus.gem.gov.in/showbidDocument/9918879,2026-09-22
GEM/2026/B/8059258,Laptop,Entry and Mid Level Laptop - Notebook,Entry and Mid Level Laptop - Notebook,,Higher Education Department Kerala,Kerala,29,1,0,2026-09-19 16:22,2026-09-30 17:00,https://bidplus.gem.gov.in/showbidDocument/9918852,2026-09-22
GEM/2026/B/8059141,All-in-One PC,Entry and Mid Level Laptop - Notebook | All in One PC (V2),"Entry and Mid Level Laptop - Notebook,All in One PC (V2)",,Home Department Madhya Pradesh,Madhya Pradesh,4,2,1,2026-09-19 16:22,2026-10-03 19:00,https://bidplus.gem.gov.in/showbidDocument/9918721,2026-09-22
GEM/2026/B/8059088,Server,Servers (V2),Servers (V2),,Higher Education Department Uttar Pradesh,Uttar Pradesh,2,1,0,2026-09-19 16:04,2026-10-10 16:00,https://bidplus.gem.gov.in/showbidDocument/9918664,2026-09-22
GEM/2026/B/8055930,Laptop,Entry and Mid Level Laptop - Notebook,"Entry and Mid Level Laptop - Notebook,A4 and Legal Size Multifunction Printer (MFP)",,Local Self Government Department Kerala,Kerala,3,2,1,2026-09-19 16:04,2026-09-29 17:00,https://bidplus.gem.gov.in/showbidDocument/9915004,2026-09-22
GEM/2026/B/8044109,Desktop,Desktop Workstation,Desktop Workstation,Ministry of Education,Department of Higher Education,,1,1,0,2026-09-19 15:13,2026-11-03 16:00,https://bidplus.gem.gov.in/showbidDocument/9901766,2026-09-22
GEM/2026/B/8058738,Laptop,Entry and Mid Level Laptop - Notebook | Entry and Mid Level Desktop Computer,"Entry and Mid Level Laptop - Notebook,Entry and Mid Level Desktop Computer",,Local Self Government Department Kerala,Kerala,3,2,1,2026-09-19 15:09,2026-09-30 15:00,https://bidplus.gem.gov.in/showbidDocument/9918283,2026-09-22
GEM/2026/B/8058672,Laptop,Entry and Mid Level Laptop - Notebook | Entry and Mid Level Desktop Computer,"Entry and Mid Level Laptop - Notebook,Entry and Mid Level Desktop Computer,A4 and Legal Size Multif",,Local Self Government Department Kerala,Kerala,23,3,1,2026-09-19 14:51,2026-09-29 18:00,https://bidplus.gem.gov.in/showbidDocument/9918205,2026-09-22
GEM/2026/B/8019953,Laptop,Entry and Mid Level Laptop - Notebook,Entry and Mid Level Laptop - Notebook,,Department of Panchayati Raj,,1,1,0,2026-09-19 13:57,2026-09-29 14:00,https://bidplus.gem.gov.in/showbidDocument/9873737,2026-09-22
GEM/2026/B/8058413,Laptop,High End Laptop - Notebook,High End Laptop - Notebook,,Agriculture Department Tamil Nadu,Tamil Nadu,1,1,0,2026-09-19 13:56,2026-09-29 14:00,https://bidplus.gem.gov.in/showbidDocument/9917907,2026-09-22
GEM/2026/B/8028999,Desktop,Digital Forensic Workstation,Digital Forensic Workstation,,Home Department Odisha,Odisha,4,1,0,2026-09-19 13:52,2026-10-05 14:00,https://bidplus.gem.gov.in/showbidDocument/9884029,2026-09-22
GEM/2026/B/8056386,Laptop,High End Laptop - Notebook | Entry and Mid Level Desktop Computer,"High End Laptop - Notebook,Entry and Mid Level Desktop Computer",,Revenue Department Gujarat,Gujarat,4,2,1,2026-09-19 13:40,2026-09-29 14:00,https://bidplus.gem.gov.in/showbidDocument/9915548,2026-09-22
GEM/2026/B/8058224,Laptop,Entry and Mid Level Laptop - Notebook,Entry and Mid Level Laptop - Notebook,,Local Self Government Department Kerala,Kerala,1,1,0,2026-09-19 13:38,2026-09-29 14:00,https://bidplus.gem.gov.in/showbidDocument/9917703,2026-09-22
GEM/2026/B/8058252,Laptop,High End Laptop - Notebook,High End Laptop - Notebook,,Environment Forestes Science and Technology Department Telangana,Telangana,1,1,0,2026-09-19 13:34,2026-09-29 14:00,https://bidplus.gem.gov.in/showbidDocument/9917733,2026-09-22
GEM/2026/B/8022506,Laptop,High End Laptop - Notebook,High End Laptop - Notebook,Ministry of Law and Justice,Department of Justice,,12,1,0,2026-09-19 13:19,2026-10-12 13:00,https://bidplus.gem.gov.in/showbidDocument/9876614,2026-09-22
GEM/2026/B/8057975,Laptop,Entry and Mid Level Laptop - Notebook | Entry and Mid Level Laptop - Notebook,"Entry and Mid Level Laptop - Notebook,Entry and Mid Level Laptop - Notebook,Entry and Mid Level Lap",,Technical Education Department Chhattisgarh,Chhattisgarh,49,3,1,2026-09-19 13:05,2026-10-19 15:00,https://bidplus.gem.gov.in/showbidDocument/9917423,2026-09-22
GEM/2026/B/8029585,Desktop,Digital Forensic Workstation,Digital Forensic Workstation,,Home Department Odisha,Odisha,2,1,0,2026-09-19 12:57,2026-10-05 13:00,https://bidplus.gem.gov.in/showbidDocument/9884712,2026-09-22
GEM/2026/B/7955439,All-in-One PC,All in One PC (V2) | High End Laptop - Notebook,"All in One PC (V2),High End Laptop - Notebook,Computer Printer (V2),Scanner (V3)",,Public Health and Family Welfare Department Maharashtra,Maharashtra,16,4,1,2026-09-19 12:16,2026-09-29 14:00,https://bidplus.gem.gov.in/showbidDocument/9799561,2026-09-22
GEM/2026/B/8057143,Laptop,High End Laptop - Notebook,High End Laptop - Notebook,,Home Department Kerala,Kerala,1,1,0,2026-09-19 12:03,2026-09-29 13:00,https://bidplus.gem.gov.in/showbidDocument/9916467,2026-09-22
GEM/2026/B/8010197,Server,Servers (V2),Servers (V2),Department of Space,Department of Space,,6,1,0,2026-09-19 11:17,2026-10-12 14:00,https://bidplus.gem.gov.in/showbidDocument/9862766,2026-09-22
GEM/2026/B/8056525,Laptop,High End Laptop - Notebook,High End Laptop - Notebook,Ministry of Defence,Department of Military Affairs,,2,1,0,2026-09-19 09:54,2026-09-29 10:00,https://bidplus.gem.gov.in/showbidDocument/9915735,2026-09-22
GEM/2026/B/7895536,Desktop,High End Workstation Desktop PC,High End Workstation Desktop PC,Ministry of Defence,Department of Military Affairs,,5,1,0,2026-09-18 20:34,2026-09-28 21:00,https://bidplus.gem.gov.in/showbidDocument/9730718,2026-09-22
GEM/2026/B/8051165,Laptop,High End Laptop - Notebook,High End Laptop - Notebook,,Housing and Urban Development Department Jammu and Kashmir,Jammu & Kashmir,4,1,0,2026-09-18 19:40,2026-09-28 20:00,https://bidplus.gem.gov.in/showbidDocument/9909650,2026-09-22
GEM/2026/B/8056003,All-in-One PC,All in One PC (V2) | High End Laptop - Notebook,"All in One PC (V2),A4 and Legal Size Multifunction Printer (MFP),High End Laptop - Notebook",,Planning Economics and Statistics Department Madhya Pradesh,Madhya Pradesh,5,3,1,2026-09-18 19:07,2026-09-28 20:00,https://bidplus.gem.gov.in/showbidDocument/9915088,2026-09-22
GEM/2026/B/8055695,Laptop,High End Laptop - Notebook,High End Laptop - Notebook,Ministry of Health and Family Welfare,Department of Health Research,,1,1,0,2026-09-18 18:09,2026-10-09 16:00,https://bidplus.gem.gov.in/showbidDocument/9914736,2026-09-22
GEM/2026/B/8055527,Laptop,Entry and Mid Level Laptop - Notebook,Entry and Mid Level Laptop - Notebook,,Local Self Government Department Kerala,Kerala,6,1,0,2026-09-18 18:01,2026-09-29 18:00,https://bidplus.gem.gov.in/showbidDocument/9914551,2026-09-22
GEM/2026/B/8053971,Desktop,Fixed Computer Workstation (V2),Fixed Computer Workstation (V2),Ministry of Agriculture and Farmers Welfare,Department of Agricultural Research and Education (DARE),,1,1,0,2026-09-18 17:43,2026-10-09 18:00,https://bidplus.gem.gov.in/showbidDocument/9912806,2026-09-22
GEM/2026/B/8040594,Laptop,Entry and Mid Level Laptop - Notebook,"A4 and Legal Size Multifunction Printer (MFP),Entry and Mid Level Laptop - Notebook,Scanner (V3)",,"Co-operation Department, Assam",Assam,368,3,1,2026-09-18 17:09,2026-09-28 18:00,https://bidplus.gem.gov.in/showbidDocument/9897657,2026-09-22
GEM/2026/B/8054810,Laptop,Entry and Mid Level Laptop - Notebook,Entry and Mid Level Laptop - Notebook,,Local Self Government Department Kerala,Kerala,1,1,0,2026-09-18 16:32,2026-09-28 17:00,https://bidplus.gem.gov.in/showbidDocument/9913745,2026-09-22
GEM/2026/B/8054962,Laptop,High End Laptop - Notebook,High End Laptop - Notebook,,General Administration Department (GAD) Chhattisgarh,Chhattisgarh,2,1,0,2026-09-18 16:31,2026-09-28 17:00,https://bidplus.gem.gov.in/showbidDocument/9913915,2026-09-22
GEM/2026/B/8054944,Laptop,Entry and Mid Level Laptop - Notebook,Entry and Mid Level Laptop - Notebook,,Local Self Government Department Kerala,Kerala,3,1,0,2026-09-18 16:24,2026-09-28 17:00,https://bidplus.gem.gov.in/showbidDocument/9913896,2026-09-22
GEM/2026/B/8053530,Laptop,Entry and Mid Level Desktop Computer | Entry and Mid Level Laptop - Notebook,"Entry and Mid Level Desktop Computer,Entry and Mid Level Laptop - Notebook,A4 and Legal Size Multif",,Local Self Government Department Kerala,Kerala,19,3,1,2026-09-18 16:17,2026-09-30 19:00,https://bidplus.gem.gov.in/showbidDocument/9912306,2026-09-22
GEM/2026/B/8054380,Laptop,High End Laptop - Notebook | High End Desktop Computer,"High End Laptop - Notebook,High End Desktop Computer,A4 and Legal Size Multifunction Printer (MFP),",Ministry of Civil Aviation,Airports Authority of India (AAI),,38,3,1,2026-09-18 16:07,2026-09-29 16:00,https://bidplus.gem.gov.in/showbidDocument/9913269,2026-09-22
GEM/2026/B/8054464,Laptop,Entry and Mid Level Laptop - Notebook,Entry and Mid Level Laptop - Notebook,,Local Self Government Department Kerala,Kerala,1,1,0,2026-09-18 16:06,2026-09-29 20:00,https://bidplus.gem.gov.in/showbidDocument/9913361,2026-09-22
GEM/2026/B/8046920,All-in-One PC,All in One PC (V2) | Entry and Mid Level Laptop - Noteb,"All in One PC (V2),A4 and Legal Size Multifunction Printer (MFP),Entry and Mid Level Laptop - Noteb",,Public Health Engineering Department Haryana,Haryana,5,3,1,2026-09-18 15:05,2026-10-01 11:00,https://bidplus.gem.gov.in/showbidDocument/9904900,2026-09-22
GEM/2026/B/8053667,Laptop,Entry and Mid Level Laptop - Notebook | Entry and Mid Level Desktop Computer,"Entry and Mid Level Laptop - Notebook,Entry and Mid Level Desktop Computer,A4 and Legal Size Multif",,Local Self Government Department Kerala,Kerala,5,3,1,2026-09-18 15:03,2026-09-28 21:00,https://bidplus.gem.gov.in/showbidDocument/9912466,2026-09-22
GEM/2026/B/8049451,Server,Servers (V2),Servers (V2),Ministry of Education,Department of Higher Education,,1,1,0,2026-09-18 14:58,2026-10-09 13:00,https://bidplus.gem.gov.in/showbidDocument/9907696,2026-09-22
GEM/2026/B/8053877,Laptop,Entry and Mid Level Laptop - Notebook,Entry and Mid Level Laptop - Notebook,Ministry of Chemicals and Fertilizers,Department of Chemicals and Petrochemicals,,2,1,0,2026-09-18 14:50,2026-09-24 12:00,https://bidplus.gem.gov.in/showbidDocument/9912702,2026-09-22
GEM/2026/B/8051962,Laptop,High End Laptop - Notebook,High End Laptop - Notebook,Ministry of Defence,Department of Defence Research & Development,,29,1,0,2026-09-18 14:30,2026-09-28 15:00,https://bidplus.gem.gov.in/showbidDocument/9910564,2026-09-22
GEM/2026/B/8040984,Server,Server Workstation,Server Workstation,Ministry of Home Affairs,Central Armed Police Forces,,1,1,0,2026-09-18 13:35,2026-10-09 14:00,https://bidplus.gem.gov.in/showbidDocument/9898121,2026-09-22
GEM/2026/B/8053406,Laptop,Entry and Mid Level Laptop - Notebook,Entry and Mid Level Laptop - Notebook,,Local Self Government Department Kerala,Kerala,2,1,0,2026-09-18 13:23,2026-09-28 14:00,https://bidplus.gem.gov.in/showbidDocument/9912168,2026-09-22
GEM/2026/B/8053379,Laptop,High End Laptop - Notebook,High End Laptop - Notebook,,Agriculture Department Maharashtra,Maharashtra,20,1,0,2026-09-18 13:19,2026-09-28 14:00,https://bidplus.gem.gov.in/showbidDocument/9912138,2026-09-22
GEM/2026/B/7829730,Server,Servers (V2),Servers (V2),Ministry of Defence,Department of Military Affairs,,1,1,0,2026-09-18 13:18,2026-09-28 14:00,https://bidplus.gem.gov.in/showbidDocument/9655518,2026-09-22
GEM/2026/B/8052845,Laptop,Entry and Mid Level Laptop - Notebook,Entry and Mid Level Laptop - Notebook,,Local Self Government Department Kerala,Kerala,2,1,0,2026-09-18 13:04,2026-09-28 14:00,https://bidplus.gem.gov.in/showbidDocument/9911545,2026-09-22
GEM/2026/B/8053156,Laptop,Entry and Mid Level Laptop - Notebook,Entry and Mid Level Laptop - Notebook,,Home Department Maharashtra,Maharashtra,25,1,0,2026-09-18 12:59,2026-09-28 16:00,https://bidplus.gem.gov.in/showbidDocument/9911899,2026-09-22
GEM/2026/B/8053054,Laptop,Entry and Mid Level Desktop Computer | Entry and Mid Level Laptop - Notebook,"Entry and Mid Level Desktop Computer,Entry and Mid Level Laptop - Notebook,A4 and Legal Size Multif",,Animal Husbandry Department Kerala,Kerala,7,3,1,2026-09-18 12:47,2026-09-28 16:00,https://bidplus.gem.gov.in/showbidDocument/9911783,2026-09-22
GEM/2026/B/8052498,Laptop,High End Laptop - Notebook,High End Laptop - Notebook,,Energy and Petro Chemicals Department Gujarat,Gujarat,1,1,0,2026-09-18 12:13,2026-10-09 15:00,https://bidplus.gem.gov.in/showbidDocument/9911161,2026-09-22
GEM/2026/B/8051873,Desktop,Fixed Computer Workstation (V2),Fixed Computer Workstation (V2),Ministry of Education,Department of Higher Education,,1,1,0,2026-09-18 11:58,2026-09-28 19:00,https://bidplus.gem.gov.in/showbidDocument/9910465,2026-09-22
GEM/2026/B/7917676,Laptop,High End Laptop - Notebook,High End Laptop - Notebook,Ministry of Defence,Department of Military Affairs,,17,1,0,2026-09-18 11:58,2026-10-09 12:00,https://bidplus.gem.gov.in/showbidDocument/9756142,2026-09-28
GEM/2026/B/8051949,Laptop,Entry and Mid Level Laptop - Notebook,Entry and Mid Level Laptop - Notebook,,Local Self Government Department Kerala,Kerala,4,1,0,2026-09-18 10:58,2026-09-29 11:00,https://bidplus.gem.gov.in/showbidDocument/9910548,2026-09-28
GEM/2026/B/8051297,Laptop,Entry and Mid Level Desktop Computer | High End Laptop - Notebook,"Entry and Mid Level Desktop Computer,High End Laptop - Notebook,Computer Printer (V2),Computer Prin",Ministry of Education,Department of Higher Education,,34,4,1,2026-09-18 00:55,2026-10-06 17:00,https://bidplus.gem.gov.in/showbidDocument/9909787,2026-09-28
GEM/2026/B/8046198,Desktop,office workstation,"office workstation,STORAGE CABINET",Ministry of Defence,Department of Military Affairs,,10,2,1,2026-09-17 19:54,2026-09-28 20:00,https://bidplus.gem.gov.in/showbidDocument/9904068,2026-09-22
GEM/2026/B/8035963,Laptop,High End Laptop - Notebook,High End Laptop - Notebook,Ministry of Home Affairs,Department of Home,,9,1,0,2026-09-17 19:14,2026-09-28 20:00,https://bidplus.gem.gov.in/showbidDocument/9892289,2026-09-28
GEM/2026/B/8050684,Laptop,High End Laptop - Notebook,High End Laptop - Notebook,,Home Department Andhra Pradesh,Andhra Pradesh,24,1,0,2026-09-17 18:45,2026-09-28 19:00,https://bidplus.gem.gov.in/showbidDocument/9909100,2026-09-28
GEM/2026/B/8049946,Laptop,Entry and Mid Level Laptop - Notebook,Entry and Mid Level Laptop - Notebook,,Local Self Government Department Kerala,Kerala,1,1,0,2026-09-17 17:28,2026-09-28 18:00,https://bidplus.gem.gov.in/showbidDocument/9908242,2026-09-28
GEM/2026/B/7845089,Server,Server or Network Rack (V2),Server or Network Rack (V2),Ministry of Defence,Department of Military Affairs,,65,1,0,2026-09-17 17:21,2026-10-08 09:00,https://bidplus.gem.gov.in/showbidDocument/9673354,2026-09-22
GEM/2026/B/8049242,Laptop,Entry and Mid Level Laptop - Notebook,Entry and Mid Level Laptop - Notebook,,Local Self Government Department Kerala,Kerala,1,1,0,2026-09-17 16:54,2026-09-28 16:00,https://bidplus.gem.gov.in/showbidDocument/9907473,2026-09-28
GEM/2026/B/8049342,Desktop,Fixed Computer Workstation (V2),Fixed Computer Workstation (V2),Ministry of Health and Family Welfare,Department of Health Research,,1,1,0,2026-09-17 16:51,2026-09-28 17:00,https://bidplus.gem.gov.in/showbidDocument/9907580,2026-09-22
GEM/2026/B/8049824,Laptop,Entry and Mid Level Laptop - Notebook,Entry and Mid Level Laptop - Notebook,,Local Self Government Department Kerala,Kerala,1,1,0,2026-09-17 16:37,2026-09-28 17:00,https://bidplus.gem.gov.in/showbidDocument/9908105,2026-09-28
GEM/2026/B/8048989,Server,Servers (V2),Servers (V2),,Higher Education Department Tamil Nadu,Tamil Nadu,1,1,0,2026-09-17 16:36,2026-09-28 17:00,https://bidplus.gem.gov.in/showbidDocument/9907193,2026-09-22
GEM/2026/B/8049423,Server,GPU Server,GPU Server,Ministry of Science and Technology,Department of Science and Technology (DST),,1,1,0,2026-09-17 16:22,2026-10-08 17:00,https://bidplus.gem.gov.in/showbidDocument/9907666,2026-09-22
GEM/2026/B/8045343,Laptop,High End Laptop - Notebook,High End Laptop - Notebook,,"Department of Innovation, Incubation and Startups",,10,1,0,2026-09-17 16:19,2026-10-03 17:00,https://bidplus.gem.gov.in/showbidDocument/9903102,2026-09-28
GEM/2026/B/8049554,Server,Computing Server,Computing Server,Ministry of Education,Department of Higher Education,,1,1,0,2026-09-17 16:06,2026-10-08 17:00,https://bidplus.gem.gov.in/showbidDocument/9907806,2026-09-22
GEM/2026/B/8045772,All-in-One PC,All in One Desktop | All in One Desktop-Fixed computer Workstati,"All in One Desktop,Mono LaserJet Multi-Function Printer,All in One Desktop-Fixed computer Workstati","Ministry of Ports, Shipping and Waterways",NA,,33,3,1,2026-09-17 16:04,2026-10-08 17:00,https://bidplus.gem.gov.in/showbidDocument/9903593,2026-09-22
GEM/2026/B/8049477,Server,Computing server,Computing server,Ministry of Education,Department of Higher Education,,1,1,0,2026-09-17 15:58,2026-10-08 16:00,https://bidplus.gem.gov.in/showbidDocument/9907722,2026-09-22
GEM/2026/B/7969373,Server,Servers (V2),Servers (V2),Ministry of Home Affairs,Department of Internal Security,,16,1,0,2026-09-17 15:55,2026-10-03 21:00,https://bidplus.gem.gov.in/showbidDocument/9815625,2026-09-22
GEM/2026/B/8036658,Desktop,High-end computing workstation,High-end computing workstation,Ministry of Education,Department of Higher Education,,1,1,0,2026-09-17 15:34,2026-10-08 16:00,https://bidplus.gem.gov.in/showbidDocument/9893159,2026-09-22
GEM/2026/B/8048914,Laptop,Entry and Mid Level Laptop - Notebook,Entry and Mid Level Laptop - Notebook,,Local Self Government Department Kerala,Kerala,2,1,0,2026-09-17 15:03,2026-09-28 15:00,https://bidplus.gem.gov.in/showbidDocument/9907112,2026-09-28
GEM/2026/B/8047983,Desktop,Fixed Computer Workstation (V2),Fixed Computer Workstation (V2),Ministry of Health and Family Welfare,Department of Health Research,,1,1,0,2026-09-17 14:56,2026-09-28 10:00,https://bidplus.gem.gov.in/showbidDocument/9906078,2026-09-22
GEM/2026/B/7995663,Server,Servers (V2),Servers (V2),Ministry of Defence,Department of Military Affairs,,2,1,0,2026-09-17 14:06,2026-10-08 13:00,https://bidplus.gem.gov.in/showbidDocument/9845920,2026-09-22
GEM/2026/B/8048406,Laptop,Entry and Mid Level Desktop Computer | Entry and Mid Level Laptop - Notebook,"Entry and Mid Level Desktop Computer,Entry and Mid Level Laptop - Notebook",,Local Self Government Department Kerala,Kerala,3,2,1,2026-09-17 14:00,2026-09-28 21:00,https://bidplus.gem.gov.in/showbidDocument/9906559,2026-09-28
GEM/2026/B/8048330,Laptop,Entry and Mid Level Desktop Computer | Entry and Mid Level Laptop - Notebook,"Entry and Mid Level Desktop Computer,Entry and Mid Level Laptop - Notebook,A4 and Legal Size Multif",,Higher Education Department Kerala,Kerala,6,3,1,2026-09-17 13:47,2026-09-28 14:00,https://bidplus.gem.gov.in/showbidDocument/9906478,2026-09-28
GEM/2026/B/7995710,Laptop,High End Laptop - Notebook,"High End Laptop - Notebook,Tablet Computer (V2)",Ministry of Defence,Department of Defence,,9,2,1,2026-09-17 13:23,2026-10-03 13:00,https://bidplus.gem.gov.in/showbidDocument/9845971,2026-09-28
GEM/2026/B/7992789,All-in-One PC,All in One PC (V2) | High End Laptop - Notebook,"All in One PC (V2),High End Laptop - Notebook",,General Administration Department Madhya Pradesh,Madhya Pradesh,4,2,1,2026-09-17 13:15,2026-10-08 13:00,https://bidplus.gem.gov.in/showbidDocument/9842620,2026-09-28
GEM/2026/B/7993157,Desktop,Workstation Ubuntu | Workstation Windows,"Workstation Ubuntu,Workstation Windows,Automated Microbial Colony Counter,NDVI Sensor,Microtome wit",Ministry of Agriculture and Farmers Welfare,Department of Agricultural Research and Education (DARE),,9,5,1,2026-09-17 12:48,2026-10-08 17:00,https://bidplus.gem.gov.in/showbidDocument/9843046,2026-09-22
GEM/2026/B/8046956,Server,Servers (V2),Servers (V2),Ministry of Education,Department of Higher Education,,1,1,0,2026-09-17 12:30,2026-09-28 12:00,https://bidplus.gem.gov.in/showbidDocument/9904940,2026-09-22
GEM/2026/B/7976086,Server,Servers (V2),Servers (V2),Ministry of Defence,Department of Military Affairs,,1,1,0,2026-09-17 12:16,2026-09-29 13:00,https://bidplus.gem.gov.in/showbidDocument/9823540,2026-09-22
GEM/2026/B/8046928,Laptop,High End Laptop - Notebook,High End Laptop - Notebook,Ministry of Commerce and Industry,Department of Commerce,,1,1,0,2026-09-17 11:12,2026-09-28 12:00,https://bidplus.gem.gov.in/showbidDocument/9904908,2026-09-28
GEM/2026/B/8045866,Desktop,Fixed Computer Workstation (V2),Fixed Computer Workstation (V2),Ministry of Defence,Department of Military Affairs,,1,1,0,2026-09-16 20:24,2026-09-26 20:00,https://bidplus.gem.gov.in/showbidDocument/9903696,2026-09-22
GEM/2026/B/8044501,Server,IT Server with V Center/Virtual Machine,IT Server with V Center/Virtual Machine,Ministry of Defence,Department of Defence,,4,1,0,2026-09-16 17:34,2026-09-26 18:00,https://bidplus.gem.gov.in/showbidDocument/9902194,2026-09-22
GEM/2026/B/8045133,Server,Server SMPS (Switching Power Supply),Server SMPS (Switching Power Supply),Ministry of Defence,Department of Military Affairs,,1,1,0,2026-09-16 17:22,2026-09-26 18:00,https://bidplus.gem.gov.in/showbidDocument/9902875,2026-09-22
GEM/2026/B/8032430,Desktop,ENT (Ear nose throat)  Workstation,ENT (Ear nose throat)  Workstation,,Medical Education Department Uttar Pradesh,Uttar Pradesh,1,1,0,2026-09-16 16:48,2026-10-03 10:00,https://bidplus.gem.gov.in/showbidDocument/9888039,2026-09-22
GEM/2026/B/8044704,Desktop,Fixed Computer Workstation (V2),Fixed Computer Workstation (V2),Ministry of Agriculture and Farmers Welfare,Department of Agriculture and Farmers Welfare,,2,1,0,2026-09-16 16:35,2026-09-29 17:00,https://bidplus.gem.gov.in/showbidDocument/9902414,2026-09-22
GEM/2026/B/8044115,Laptop,REGULAR SEMI RUGGED NOTEBOOK LAPTOP,REGULAR SEMI RUGGED NOTEBOOK LAPTOP,Department of Space,Department of Space,,2,1,0,2026-09-16 16:21,2026-10-07 17:00,https://bidplus.gem.gov.in/showbidDocument/9901772,2026-09-28
GEM/2026/B/8044146,Laptop,Entry and Mid Level Laptop - Notebook,Entry and Mid Level Laptop - Notebook,Ministry of Railways,Railways Public Sector Undertakings,,5,1,0,2026-09-16 16:10,2026-09-29 15:00,https://bidplus.gem.gov.in/showbidDocument/9901805,2026-09-28
GEM/2026/B/8040004,Laptop,High End Laptop - Notebook,High End Laptop - Notebook,Ministry of Corporate Affairs,NA,,1,1,0,2026-09-16 15:43,2026-10-03 18:00,https://bidplus.gem.gov.in/showbidDocument/9896961,2026-09-28
GEM/2026/B/8043796,Server,Servers (V2) | Servers (V2),"Servers (V2),Servers (V2)",,Higher Education Department Delhi,Delhi,3,2,1,2026-09-16 15:25,2026-10-07 16:00,https://bidplus.gem.gov.in/showbidDocument/9901426,2026-09-22
GEM/2026/B/8005607,Server,Servers (V2),Servers (V2),PMO,Department of Atomic Energy,,3,1,0,2026-09-16 14:59,2026-09-28 16:00,https://bidplus.gem.gov.in/showbidDocument/9857458,2026-09-22
GEM/2026/B/7970247,Desktop,Hi End forensic workstation Bundled with Forensic Image Video Enhancement and Authentication Soluti,Hi End forensic workstation Bundled with Forensic Image Video Enhancement and Authentication Soluti,Ministry of Defence,Department of Military Affairs,,18,1,0,2026-09-16 14:49,2026-10-07 09:00,https://bidplus.gem.gov.in/showbidDocument/9816708,2026-09-22
GEM/2026/B/8043564,Desktop,NEXT-GENERATION PROFESSIONAL ULTRAPORTABLE COMPUTING WORKSTATION,NEXT-GENERATION PROFESSIONAL ULTRAPORTABLE COMPUTING WORKSTATION,Ministry of Defence,Department of Defence,,1,1,0,2026-09-16 14:39,2026-09-26 17:00,https://bidplus.gem.gov.in/showbidDocument/9901155,2026-09-22
GEM/2026/B/8043356,Server,Servers (V2),Servers (V2),Ministry of Defence,Department of Military Affairs,,1,1,0,2026-09-16 14:10,2026-09-26 15:00,https://bidplus.gem.gov.in/showbidDocument/9900908,2026-09-22
GEM/2026/B/8005934,Laptop,High End Laptop - Notebook,"High End Laptop - Notebook,Antivirus Software",Ministry of Home Affairs,Department of Internal Security,,22,2,1,2026-09-16 13:43,2026-10-01 14:00,https://bidplus.gem.gov.in/showbidDocument/9857821,2026-09-28
GEM/2026/B/8043076,Laptop,Entry and Mid Level Desktop Computer | Entry and Mid Level Laptop - Notebook,"Entry and Mid Level Desktop Computer,Entry and Mid Level Laptop - Notebook,A4 and Legal Size Multif",,Technical Education Training and Skill Development Department West Bengal,West Bengal,15,3,1,2026-09-16 13:27,2026-10-03 14:00,https://bidplus.gem.gov.in/showbidDocument/9900570,2026-09-28
GEM/2026/B/7879418,Laptop,Rugged Notebook - Laptop,Rugged Notebook - Laptop,Ministry of Defence,Department of Military Affairs,,6,1,0,2026-09-16 13:15,2026-09-30 14:00,https://bidplus.gem.gov.in/showbidDocument/9712379,2026-09-28
GEM/2026/B/8026666,Desktop,Workstation,"AI Software,Workstation",,Panchayat Raj and Rural Development Department Telangana,Telangana,2,2,1,2026-09-16 12:42,2026-10-01 13:00,https://bidplus.gem.gov.in/showbidDocument/9881404,2026-09-28
GEM/2026/B/7906834,Laptop,High End Laptop - Notebook,High End Laptop - Notebook,Ministry of Defence,Department of Defence Research & Development,,93,1,0,2026-09-16 12:36,2026-09-30 11:00,https://bidplus.gem.gov.in/showbidDocument/9743812,2026-09-28
GEM/2026/B/8009368,Desktop,standalone pc | workstation with gpu,"standalone pc,workstation with gpu,visualiser,projection sys,podium,access control sys,mobile jamme",Ministry of Defence,Department of Military Affairs,,23,7,1,2026-09-16 12:08,2026-09-26 13:00,https://bidplus.gem.gov.in/showbidDocument/9861821,2026-09-22
GEM/2026/B/7993075,Laptop,High End Laptop - Notebook,High End Laptop - Notebook,Ministry of Defence,Department of Defence Research & Development,,139,1,0,2026-09-16 11:39,2026-10-01 12:00,https://bidplus.gem.gov.in/showbidDocument/9842957,2026-09-28
GEM/2026/B/8041978,Laptop,Entry and Mid Level Desktop Computer | Entry and Mid Level Laptop - Notebook,"Entry and Mid Level Desktop Computer,Entry and Mid Level Laptop - Notebook,A4 and Legal Size Multif",,Local Self Government Department Kerala,Kerala,6,3,1,2026-09-16 11:39,2026-09-29 13:00,https://bidplus.gem.gov.in/showbidDocument/9899291,2026-09-28
GEM/2026/B/7981320,Server,SQL Server 2025 Enterprise 4 Core as per SOW | SQL Server 2025 Standard 4 Core as per SOW,"SQL Server 2025 Enterprise 4 Core as per SOW,SQL Server 2025 Standard 4 Core as per SOW",Ministry of Defence,Department of Defence Research & Development,,2,2,1,2026-09-16 11:31,2026-10-07 12:00,https://bidplus.gem.gov.in/showbidDocument/9829768,2026-09-22
GEM/2026/B/7994487,Server,Servers (V2),Servers (V2),,Agriculture and Co-operation Department Gujarat,Gujarat,1,1,0,2026-09-16 11:25,2026-10-03 12:00,https://bidplus.gem.gov.in/showbidDocument/9844551,2026-09-22
GEM/2026/B/7984228,Laptop,High End Laptop - Notebook,High End Laptop - Notebook,Ministry of Home Affairs,Department of Home,,3,1,0,2026-09-16 11:23,2026-10-01 16:00,https://bidplus.gem.gov.in/showbidDocument/9832979,2026-09-28
GEM/2026/B/8039467,Laptop,Entry and Mid Level Laptop - Notebook,"Entry and Mid Level Laptop - Notebook,Scanner (V3),Multimedia Projector (MMP),Projector Screen (V2)",Ministry of Power,Bhakra Beas Managemet Board ,,32,4,1,2026-09-16 11:08,2026-09-30 12:00,https://bidplus.gem.gov.in/showbidDocument/9896365,2026-09-28
GEM/2026/B/8041536,Laptop,High End Laptop - Notebook,High End Laptop - Notebook,Ministry of Corporate Affairs,NA,,5,1,0,2026-09-16 11:04,2026-09-29 12:00,https://bidplus.gem.gov.in/showbidDocument/9898772,2026-09-28
GEM/2026/B/7888248,Server,Servers (V2),Servers (V2),Ministry of Defence,Department of Military Affairs,,1,1,0,2026-09-16 11:00,2026-09-23 11:00,https://bidplus.gem.gov.in/showbidDocument/9722394,2026-09-22
GEM/2026/B/7981719,Laptop,High End Laptop - Notebook,High End Laptop - Notebook,Ministry of External Affairs,NA,,40,1,0,2026-09-16 10:58,2026-10-07 14:00,https://bidplus.gem.gov.in/showbidDocument/9830208,2026-09-28
GEM/2026/B/7998272,Desktop,High-Performance Desktop Workstation,High-Performance Desktop Workstation,PMO,Department of Atomic Energy,,3,1,0,2026-09-16 10:32,2026-10-07 14:00,https://bidplus.gem.gov.in/showbidDocument/9848792,2026-09-22
GEM/2026/B/8033075,Laptop,Purchase of Laptop/Notebook and Similar Devices for Eligible Offr | Purchase of Laptop/Notebook and S,"Purchase of Laptop/Notebook and Similar Devices for Eligible Offr,Purchase of Laptop/Notebook and S",Ministry of Defence,Department of Military Affairs,,4,2,1,2026-09-15 21:26,2026-09-29 10:00,https://bidplus.gem.gov.in/showbidDocument/9888789,2026-09-28
GEM/2026/B/8026351,Server,GPU SERVER H200,"AI ML Work Stations,High Performance VM DB HOSTING,BACKUP ARRAY AND STORAGE,GPU SERVER H200,Video W",,Home Department Andhra Pradesh,Andhra Pradesh,9,5,1,2026-09-15 18:32,2026-09-30 19:00,https://bidplus.gem.gov.in/showbidDocument/9881058,2026-09-22
GEM/2026/B/8030508,Server,Servers (V2),Servers (V2),Ministry of Railways,Indian Railways,,1,1,0,2026-09-15 17:38,2026-10-01 17:00,https://bidplus.gem.gov.in/showbidDocument/9885794,2026-09-22
GEM/2026/B/8026911,Desktop,Workstation,"Workstation,Cable,Cable1,Antivirus,Plug",Ministry of Education,Department of Higher Education,,10,5,1,2026-09-15 17:27,2026-10-06 18:00,https://bidplus.gem.gov.in/showbidDocument/9881690,2026-09-28
GEM/2026/B/7995932,Server,STUB SERVER FOR MONITORING INTERNET FACING SYSTEM WITH ACCESSORIES,STUB SERVER FOR MONITORING INTERNET FACING SYSTEM WITH ACCESSORIES,Ministry of Defence,Department of Defence,,1,1,0,2026-09-15 17:15,2026-09-29 17:00,https://bidplus.gem.gov.in/showbidDocument/9846223,2026-09-22
GEM/2026/B/7896343,Laptop,Laptop | High End Laptop | Workstation High End Laptop,"Laptop,High End Laptop,Workstation High End Laptop",Ministry of Defence,Department of Military Affairs,,3,3,1,2026-09-15 17:14,2026-10-06 17:00,https://bidplus.gem.gov.in/showbidDocument/9731642,2026-09-22
GEM/2026/B/7856808,Server,Rack Server,Rack Server,Ministry of Defence,Department of Military Affairs,,2,1,0,2026-09-15 17:09,2026-10-06 11:00,https://bidplus.gem.gov.in/showbidDocument/9686516,2026-09-22
GEM/2026/B/8016400,Desktop,Workstation,"Workstation,Revolving chair,visitor chair,Executive chair,executive table,overhead almirah,customis",Ministry of AYUSH,NA,,48,7,1,2026-09-15 16:58,2026-10-06 17:00,https://bidplus.gem.gov.in/showbidDocument/9869715,2026-09-28
GEM/2026/B/8038978,Server,SERIAL TO ETHERNET DEVICE SERVER,SERIAL TO ETHERNET DEVICE SERVER,Ministry of Earth Sciences,Department of Earth Sciences,,2,1,0,2026-09-15 16:56,2026-10-06 17:00,https://bidplus.gem.gov.in/showbidDocument/9895822,2026-09-22
GEM/2026/B/8034819,Desktop,Fixed Computer Workstation (V2),Fixed Computer Workstation (V2),Department of Space,Department of Space,,3,1,0,2026-09-15 16:36,2026-10-05 15:00,https://bidplus.gem.gov.in/showbidDocument/9890957,2026-09-22
GEM/2026/B/7988704,Desktop,FRED Workstation,FRED Workstation,,Home Department Telangana,Telangana,5,1,0,2026-09-15 14:58,2026-09-30 15:00,https://bidplus.gem.gov.in/showbidDocument/9838022,2026-09-22
GEM/2026/B/7918937,Desktop,High-End Graphics Workstation (Intel Ultra 5 Processor 245K,"High-End Graphics Workstation (Intel Ultra 5 Processor 245K, B860 Motherboard, 32GBDDR5 RAM, NVIDIA",,SHRI MATA VAISHNO DEVI UNIVERSITY,,6,4,1,2026-09-15 14:45,2026-09-30 15:00,https://bidplus.gem.gov.in/showbidDocument/9757534,2026-09-22
GEM/2026/B/8034287,Desktop,Desktop Workstation,"Desktop Workstation,Multimedia Projector 4K Ultra Short,Fire Detection and Alarm System,IP Based CC",Ministry of Defence,Department of Military Affairs,,13,4,1,2026-09-15 12:59,2026-10-08 14:00,https://bidplus.gem.gov.in/showbidDocument/9890311,2026-09-22
GEM/2026/B/8037117,Desktop,Linear Workstation,"Mid Back Chair,Linear Workstation,Keyboard and Mouse Tray,CPU Trolley,Overhead storage unit",Ministry of Fisheries Animal Husbandry Dairying,Department of Fisheries,,45,5,1,2026-09-15 11:33,2026-10-06 12:00,https://bidplus.gem.gov.in/showbidDocument/9893699,2026-09-28
GEM/2026/B/7931286,Desktop,Alienware Desktop Workstation,Alienware Desktop Workstation,Ministry of Textiles,NA,,6,1,0,2026-09-15 11:22,2026-10-06 12:00,https://bidplus.gem.gov.in/showbidDocument/9771888,2026-09-28
GEM/2026/B/8023532,Desktop,Desking Workstation Cubical L Shape 1 | Desking Workstation Cubical L Shape 2 | Desking Workstation Cub,"Desking Workstation Cubical L Shape 1,Desking Workstation Cubical L Shape 2,Desking Workstation Cub",Ministry of Environment Forest and Climate Change,NA,,5,3,1,2026-09-14 22:48,2026-10-06 09:00,https://bidplus.gem.gov.in/showbidDocument/9877752,2026-09-28
GEM/2026/B/7930779,Server,Servers | Dell High End Desktop Computer | Fusionstor Ubuntu Linux Based Fixed Computer Workstation,"Servers,Dell High End Desktop Computer,Fusionstor Ubuntu Linux Based Fixed Computer Workstation,And",Ministry of Defence,Department of Military Affairs,,88,4,1,2026-09-12 17:58,2026-10-03 18:00,https://bidplus.gem.gov.in/showbidDocument/9771339,2026-09-28
GEM/2026/B/8026897,Desktop,WORKSTATION T,"L-SHAPE MAIN TABLE FOR CHIEF MANAGER,L SHAPE MAIN TABLE WITH VISITOR SEATING IN FRONT,WORKSTATION T",Ministry of Finance,Department of Financial Services,,109,3,1,2026-09-11 15:02,2026-10-03 15:00,https://bidplus.gem.gov.in/showbidDocument/9881675,2026-09-28
